Workbook

Sheet Panel
B1: Panel · Sistema de Gestión MP 2026
B2: Pulso del equipamiento clínico — HHHA · se actualiza al abrir en Excel
B3: Hoy: | C3: =TODAY() -> 46191
B5: OPERATIVIDAD (hoy)
B6: Casos abiertos | C6: Equipos No Operativos | D6: En servicio técnico | E6: Dados de baja | F6: Pend. documentales
B7: =COUNTIF('1. Órdenes de Trabajo'!$J$2:$J$301,"Abierto") -> 11 | C7: =COUNTIFS('1. Órdenes de Trabajo'!$J$2:$J$301,"Abierto",'1. Órdenes de Trabajo'!$H$2:$H$301,"No Operativo") -> 11 | D7: =SUMPRODUCT(('5. Servicio Técnico (Envíos)'!$A$2:$A$301<>"")*('5. Servicio Técnico (Envíos)'!$K$2:$K$301<>"Operativo")) -> 8 | E7: =COUNTIF('6. Bajas'!$A$2:$A$301,"?*") -> 0 | F7: =COUNTIF('4. Visitas Técnicas'!$L$2:$L$301,"No")+COUNTIF('5. Servicio Técnico (Envíos)'!$M$2:$M$301,"No") -> 2
B9: PROGRAMA PREVENTIVO 2026
B10: MP programadas | C10: MP ejecutadas | D10: % avance | E10: Reprogramadas | F10: Por correctivo
B11: =SUM('MP Carta 2026'!$U$4:$U$969) -> 1258 | C11: =SUM('MP Carta 2026'!$V$4:$V$969) -> 784 | D11: =IFERROR(SUM('MP Carta 2026'!$V$4:$V$969)/SUM('MP Carta 2026'!$U$4:$U$969),"") -> 0.62321145 | E11: =SUMPRODUCT(--('MP Carta 2026'!$I$4:$T$969="R")) -> 269 | F11: =SUM('MP Carta 2026'!$X$4:$X$969) -> 41
B13: PENDIENTES (cola de acción)
B14: Por hacer | C14: Vencidos | D14: Completados
B15: =COUNTIF(Pendientes!$H$2:$H$200,"Por hacer") -> 32 | C15: =COUNTIFS(Pendientes!$H$2:$H$200,"Por hacer",Pendientes!$G$2:$G$200,"Vencido") -> 12 | D15: =COUNTIF(Pendientes!$H$2:$H$200,"Completado") -> 0
B17: EQUIPOS CRÍTICOS — en correctivo + preventivo + pendientes
B18: N° Inventario | C18: Equipo | D18: Servicio | E18: Caso abierto | F18: Pend. por hacer
B19: 2-013590 | C19: =IFERROR(VLOOKUP($B19,Equipos!$C$2:$D$967,2,FALSE()),"") -> Ventilador Mecánico | D19: =IFERROR(VLOOKUP($B19,Equipos!$C$2:$F$967,3,FALSE()),"") -> UPC Adulto | E19: =IF(COUNTIFS('1. Órdenes de Trabajo'!$F$2:$F$301,$B19,'1. Órdenes de Trabajo'!$J$2:$J$301,"Abierto")>0,"Sí","No") -> Sí | F19: =COUNTIFS(Pendientes!$C$2:$C$200,$B19,Pendientes!$H$2:$H$200,"Por hacer") -> 3
B20: 2-110571 | C20: =IFERROR(VLOOKUP($B20,Equipos!$C$2:$D$967,2,FALSE()),"") -> Ventilador Mecánico | D20: =IFERROR(VLOOKUP($B20,Equipos!$C$2:$F$967,3,FALSE()),"") -> UPC Adulto | E20: =IF(COUNTIFS('1. Órdenes de Trabajo'!$F$2:$F$301,$B20,'1. Órdenes de Trabajo'!$J$2:$J$301,"Abierto")>0,"Sí","No") -> No | F20: =COUNTIFS(Pendientes!$C$2:$C$200,$B20,Pendientes!$H$2:$H$200,"Por hacer") -> 2
B21: 2-119890 | C21: =IFERROR(VLOOKUP($B21,Equipos!$C$2:$D$967,2,FALSE()),"") -> Ventilador Mecánico | D21: =IFERROR(VLOOKUP($B21,Equipos!$C$2:$F$967,3,FALSE()),"") -> UPC 3er Piso | E21: =IF(COUNTIFS('1. Órdenes de Trabajo'!$F$2:$F$301,$B21,'1. Órdenes de Trabajo'!$J$2:$J$301,"Abierto")>0,"Sí","No") -> Sí | F21: =COUNTIFS(Pendientes!$C$2:$C$200,$B21,Pendientes!$H$2:$H$200,"Por hacer") -> 0
B22: 2-119891 | C22: =IFERROR(VLOOKUP($B22,Equipos!$C$2:$D$967,2,FALSE()),"") -> Ventilador Mecánico | D22: =IFERROR(VLOOKUP($B22,Equipos!$C$2:$F$967,3,FALSE()),"") -> UPC 3er Piso | E22: =IF(COUNTIFS('1. Órdenes de Trabajo'!$F$2:$F$301,$B22,'1. Órdenes de Trabajo'!$J$2:$J$301,"Abierto")>0,"Sí","No") -> Sí | F22: =COUNTIFS(Pendientes!$C$2:$C$200,$B22,Pendientes!$H$2:$H$200,"Por hacer") -> 0
B23: 2-121203 | C23: =IFERROR(VLOOKUP($B23,Equipos!$C$2:$D$967,2,FALSE()),"") -> Ventilador Mecánico | D23: =IFERROR(VLOOKUP($B23,Equipos!$C$2:$F$967,3,FALSE()),"") -> UPC 3er Piso | E23: =IF(COUNTIFS('1. Órdenes de Trabajo'!$F$2:$F$301,$B23,'1. Órdenes de Trabajo'!$J$2:$J$301,"Abierto")>0,"Sí","No") -> Sí | F23: =COUNTIFS(Pendientes!$C$2:$C$200,$B23,Pendientes!$H$2:$H$200,"Por hacer") -> 0
B26: IR A:
B27: =HYPERLINK("#Pendientes!A1","▸ Pendientes (qué hacer hoy)") -> ▸ Pendientes (qué hacer hoy)
B28: =HYPERLINK("#'Ficha de Equipo'!A1","▸ Ficha de Equipo (estado 360)") -> ▸ Ficha de Equipo (estado 360)
B29: =HYPERLINK("#Tablero!A1","▸ Tablero correctivo") -> ▸ Tablero correctivo
B30: =HYPERLINK("#'MP Carta 2026'!A1","▸ MP Carta 2026") -> ▸ MP Carta 2026
B33: CONCILIACIÓN — MATRIZ ↔ BITÁCORA
B34: MP Carta (matriz) vs Registro MP (bitácora) · se actualiza al abrir · Ejec: E↔Sí · No ejec: C2/C3 · Reprog: R↔C1/C5–C8 · Baja: B↔Baja
B36: RESULTADO GLOBAL
B37: =IF(SUMPRODUCT(--($E$40:$E$43<>0))=0,"✓ Matriz y bitácora cuadran","⚠ "&SUMPRODUCT(--($E$40:$E$43<>0))&" categoría(s) descuadrada(s) — revisar registros") -> ⚠ 3 categoría(s) descuadrada(s) — revisar registros
B39: Categoría | C39: MP Carta | D39: Registro MP | E39: Δ | F39: Estado
B40: Ejecutadas | C40: =COUNTIF('MP Carta 2026'!$I$4:$T$969,"E") -> 784 | D40: =COUNTIF('Registro MP'!$J$2:$J$1243,"Sí") -> 785 | E40: =C40-D40 -> -1 | F40: =IF(E40=0,"✓ cuadra","⚠ Δ "&TEXT(E40,"+0;-0")) -> ⚠ Δ -1
B41: No ejec. x falla | C41: =COUNTIF('MP Carta 2026'!$I$4:$T$969,"C2")+COUNTIF('MP Carta 2026'!$I$4:$T$969,"C3") -> 41 | D41: =COUNTIF('Registro MP'!$J$2:$J$1243,"C2")+COUNTIF('Registro MP'!$J$2:$J$1243,"C3") -> 42 | E41: =C41-D41 -> -1 | F41: =IF(E41=0,"✓ cuadra","⚠ Δ "&TEXT(E41,"+0;-0")) -> ⚠ Δ -1
B42: Reprogramadas | C42: =COUNTIF('MP Carta 2026'!$I$4:$T$969,"R") -> 269 | D42: =COUNTIF('Registro MP'!$J$2:$J$1243,"C1")+COUNTIF('Registro MP'!$J$2:$J$1243,"C5")+COUNTIF('Registro MP'!$J$2:$J$1243,"C6")+COUNTIF('Registro MP'!$J$2:$J$1243,"C7")+COUNTIF('Registro MP'!$J$2:$J$1243,"C8") -> 266 | E42: =C42-D42 -> 3 | F42: =IF(E42=0,"✓ cuadra","⚠ Δ "&TEXT(E42,"+0;-0")) -> ⚠ Δ +3
B43: Bajas | C43: =COUNTIF('MP Carta 2026'!$I$4:$T$969,"B") -> 6 | D43: =COUNTIF('Registro MP'!$J$2:$J$1243,"Baja") -> 6 | E43: =C43-D43 -> 0 | F43: =IF(E43=0,"✓ cuadra","⚠ Δ "&TEXT(E43,"+0;-0")) -> ✓ cuadra
B45: Solo en bitácora (No/NU, sin slot en matriz): | D45: =COUNTIF('Registro MP'!$J$2:$J$1243,"No")+COUNTIF('Registro MP'!$J$2:$J$1243,"NU") -> 5

Sheet Pendientes
A1: Equipo | B1: Serie | C1: N° Inventario | D1: Tipo de pendiente | E1: Fecha compromiso | F1: Días de atraso | G1: Situación | H1: Estado | I1: Prioridad | J1: Responsable Ejecutivo | K1: Responsable Administrativo | L1: En espera de | M1: Descripción | N1: Tareas | O1: Fecha completado | P1: Creado
A2: DEA | B2: X21J421750 | C2: 121010-020241 | D2: Pauta de Monitoreo Diario | E2: 46188 | G2: Resuelto | H2: Hecho | I2: Media | J2: Carlos Bahamondes Seguel | K2: Cristián Beltrán Oviedo | M2: Pauta de monitoreo diario Enero hasta Abril | N2: — | O2: 46181
A3: DEA | B3: 122002985 | C3: 2-001551 | D3: Pauta de Monitoreo Diario | E3: 46202 | G3: Resuelto | H3: Hecho | I3: Media | J3: Carlos Bahamondes Seguel | K3: Cristián Beltrán Oviedo | M3: Pauta de monitoreo enero, febrero, abril y mayo | N3: — | O3: 46181
A4: DEA | B4: 40361 | C4: 2-134461 | D4: Pauta de Monitoreo Diario | E4: 46202 | G4: Vigente | H4: En proceso | I4: Media | J4: Carlos Bahamondes Seguel | K4: Cristián Beltrán Oviedo | M4: Pauta de monitoreo Enero, Febrero,, Marzo, Abril, Mayo | N4: —
A5: DEA | B5: 13036 | C5: 121010-019243 | D5: Pauta de Monitoreo Diario | E5: 46202 | G5: Resuelto | H5: Hecho | I5: Media | J5: Carlos Bahamondes Seguel | K5: Cristián Beltrán Oviedo | M5: Pauta de monitoreo diario meses noviembre, diciembre (2025) enero, febrero, marzo, abril (2026) | N5: — | O5: 46181
A6: DEA | B6: X21A332744 | C6: 2-121624 | D6: Pauta de Monitoreo Diario | E6: 46171 | F6: 20 | G6: Vencido | H6: En proceso | I6: Media | J6: Carlos Bahamondes Seguel | K6: Cristián Beltrán Oviedo | M6: Pauta de monitoreo | N6: —
A7: DEA | B7: 122002994 | C7: 2-112273 | D7: Pauta de Monitoreo Diario | E7: 46188 | G7: Resuelto | H7: Hecho | I7: Media | J7: Carlos Bahamondes Seguel | K7: Cristián Beltrán Oviedo | M7: Pauta de monitoreo diario enero y febrero | N7: — | O7: 46181
A8: DEA | B8: AE7-24048210 | C8: 2-124605 | D8: Pauta de Monitoreo Diario | E8: 46175 | F8: 16 | G8: Vencido | H8: En proceso | I8: Media | J8: Carlos Bahamondes Seguel | K8: Cristián Beltrán Oviedo | M8: Pauta de monitoreo diario | N8: —
A9: DEA | B9: 40422 | C9: 2-134460 | D9: Pauta de Monitoreo Diario | E9: 46182 | F9: 9 | G9: Vencido | H9: En proceso | I9: Media | J9: Carlos Bahamondes Seguel | K9: Cristián Beltrán Oviedo | M9: Pauta de monitoreo diario abril | N9: —
A10: DEA | B10: 122003001 | C10: 2-112274 | D10: Pauta de Monitoreo Diario | E10: 46188 | G10: Resuelto | H10: Hecho | I10: Media | J10: Carlos Bahamondes Seguel | K10: Cristián Beltrán Oviedo | M10: pauta de monitoreo diario de enero, febreo, abril y mayo | N10: — | O10: 46181
A11: DEA | B11: 122002995 | C11: 2-112275 | D11: Documento faltante | E11: 46188 | G11: Resuelto | H11: Hecho | I11: Media | J11: Carlos Bahamondes Seguel | K11: Cristián Beltrán Oviedo | M11: Pauta de monitoreo diario abril y mayo | N11: — | O11: 46181
A12: DEA | B12: 122003000 | C12: 2-112276 | D12: Pauta de Monitoreo Diario | E12: 46188 | G12: Resuelto | H12: Hecho | I12: Media | J12: Carlos Bahamondes Seguel | K12: Cristián Beltrán Oviedo | M12: paura de monitoreo diario de enero, febreo, abril y mayo | N12: — | O12: 46181
A13: DEA | B13: 122002981 | C13: 2-112277 | D13: Pauta de Monitoreo Diario | E13: 46188 | G13: Resuelto | H13: Hecho | I13: Media | J13: Carlos Bahamondes Seguel | K13: Cristián Beltrán Oviedo | M13: pauta de monitoreo diario de enero, febrero, abril y mayo | N13: — | O13: 46181
A14: DEA | B14: 122002988 | C14: 2-112278 | D14: Documento faltante | E14: 46175 | G14: Resuelto | H14: Hecho | I14: Media | J14: Carlos Bahamondes Seguel | K14: Cristián Beltrán Oviedo | M14: pauta de monitoreo diario de enero, febrero, abril y mayo | N14: — | O14: 46181
A15: Desfibrilador | B15: 40979213 | C15: 2-024418 | D15: Gestión general | E15: 46175 | F15: 16 | G15: Vencido | H15: Por hacer | I15: Media | K15: Cristián Beltrán Oviedo | M15: Solicitar al servicio que haga la solicitud de trabajo e informar | N15: —
A16: Monitor Multiparámetros | B16: CN12099174 | C16: 2-126872 | D16: Reprogramación MP | E16: 46168 | F16: 23 | G16: Vencido | H16: Por hacer | I16: Media | J16: Cristián Beltrán Oviedo | K16: Cristián Beltrán Oviedo | M16: Sacar reprogramación, MP le correspondia en Abril | N16: —
A17: DEA | B17: AF1-48110851 | C17: 2-134465 | D17: Pauta de Monitoreo Diario | E17: 46175 | F17: 16 | G17: Vencido | H17: En proceso | I17: Media | J17: Carlos Bahamondes Seguel | K17: Cristián Beltrán Oviedo | M17: Pauta de monitoreo diario Abril | N17: —
A18: DEA | B18: X18E028657 | C18: 2-117973 | D18: Pauta de Monitoreo Diario | E18: 46175 | F18: 16 | G18: Vencido | H18: En proceso | I18: Media | J18: Carlos Bahamondes Seguel | K18: Cristián Beltrán Oviedo | M18: Pauta de monitoreo diario | N18: —
A19: Ventilador Mecánico | B19: 3512202231 | C19: 200717-005511 | D19: Documento faltante | E19: 46169 | G19: Resuelto | H19: Hecho | I19: Media | J19: Cristián Beltrán Oviedo | K19: Cristián Beltrán Oviedo | M19: Falta firma del servicio clinico | N19: — | O19: 46176
A20: Máquina de Anestesia | B20: ASMB-0231 | C20: 2-117816 | D20: Gestión general | E20: 46175 | F20: 16 | G20: Vencido | H20: Por hacer | I20: Media | J20: Cristina Rozas Urrutia | K20: Cristián Beltrán Oviedo | M20: Consultar estado | N20: —
A21: Máquina de Anestesia | B21: ASMB-0231 | C21: 2-117816 | D21: Reprogramación MP | G21: Vigente | H21: Por hacer | I21: Media | J21: Marco Ulloa | K21: Cristián Beltrán Oviedo | M21: Reprogramar MP por causal C3 — Equipo no operativo, a la espera de repuestos o accesorios. Sin fecha definida, depende del reintegro del equipo al servicio. | N21: —
A22: Máquina de Anestesia | B22: ASMB-0231 | C22: 2-117816 | D22: Reprogramación MP | G22: Vigente | H22: Por hacer | I22: Media | J22: Cristina Rozas Urrutia | K22: Cristián Beltrán Oviedo | M22: Reprogramar MP por causal C3 — Equipo no operativo, a la espera de repuestos o accesorios. Sin fecha definida, depende del reintegro del equipo al servicio. | N22: —
A23: Máquina de Anestesia | B23: ASMB-0230 | C23: 2-117815 | D23: Gestión general | G23: Vigente | H23: Por hacer | I23: Media | K23: Cristián Beltrán Oviedo | M23: Durante mantención preventiva se instala repuesto de freno, sin embargo, queda pendiente instalación de pieza en custodia de cliente | N23: —
A24: Máquina de Anestesia | B24: ARYA-0174 | C24: 2-017350 | D24: Gestión general | G24: Vigente | H24: Por hacer | I24: Media | K24: Cristián Beltrán Oviedo | M24: Cotizar repuestos para las reparaciones | N24: —
A25: Máquina de Anestesia | B25: ARYA-0174 | C25: 2-017350 | D25: Gestión general | G25: Vigente | H25: Por hacer | I25: Media | K25: Cristián Beltrán Oviedo | M25: Reparar sistema interlock (instalación de barra intermedia) | N25: —
A26: Monitor Multiparámetros | B26: 22060100003 | C26: 2-124762 | D26: Documento faltante | E26: 46176 | G26: Resuelto | H26: Hecho | I26: Media | J26: Daniel Díaz Neira | K26: Cristián Beltrán Oviedo | M26: Entregado a daniel, falta la firma de marco | N26: — | O26: 46174
A27: Monitor Multiparámetros | B27: PSHH501479 | C27: 2-121002 | D27: Documento faltante | E27: 46176 | G27: Resuelto | H27: Hecho | I27: Media | J27: Daniel Díaz Neira | K27: Cristián Beltrán Oviedo | M27: entregado a daniel, falta firma de marco | N27: — | O27: 46174
A28: Monitor Multiparámetros | B28: PSHH501479 | C28: 2-121002 | D28: Reprogramación MP | E28: 46173 | G28: Resuelto | H28: Hecho | I28: Media | J28: Daniel Díaz Neira | K28: Cristián Beltrán Oviedo | M28: Reprogramar MP por causal C8 — Contingencia hospitalaria. Reprogramación dentro del mes siguiente (norma PMP). | N28: — | O28: 46174
A29: Monitor Multiparámetros | B29: G3HQ40045 | C29: 2-118718 | D29: Documento faltante | E29: 46176 | G29: Resuelto | H29: Hecho | I29: Media | J29: Daniel Díaz Neira | K29: Cristián Beltrán Oviedo | M29: documento entregado a daniel, falta la firma de marco | N29: — | O29: 46174
A30: Monitor Multiparámetros | B30: G3HQ40045 | C30: 2-118718 | D30: Reprogramación MP | E30: 46173 | G30: Resuelto | H30: Hecho | I30: Media | J30: Daniel Díaz Neira | K30: Cristián Beltrán Oviedo | M30: Reprogramar MP por causal C8 — Contingencia hospitalaria. Reprogramación dentro del mes siguiente (norma PMP). | N30: — | O30: 46174
A31: DEA | B31: X18E028657 | C31: 2-117973 | D31: Gestión general | E31: 46174 | F31: 17 | G31: Vencido | H31: Por hacer | I31: Media | J31: Cristián Beltrán Oviedo | K31: Cristián Beltrán Oviedo | M31: Cambiar la etiqueta de la carpeta, no tiene el numero de inventario | N31: —
A32: Ventilador Mecánico | B32: ASHK-0151 | C32: 2-110571 | D32: Reprogramación MP | E32: 46175 | F32: 16 | G32: Vencido | H32: Por hacer | I32: Media | J32: Cristián Beltrán Oviedo | K32: Cristián Beltrán Oviedo | M32: Sacar reprogramación revisar si corresponde C6 o no porque quizás estaba en servicio tecnico | N32: —
A33: Ventilador Mecánico | B33: ASNM-0003 | C33: 2-120946 | D33: Reprogramación MP | E33: 46170 | F33: 21 | G33: Vencido | H33: Por hacer | I33: Media | J33: Cristián Beltrán Oviedo | K33: Cristián Beltrán Oviedo | M33: Abril, causal c6 | N33: —
A34: Ventilador Mecánico | B34: ASNM-0005 | C34: 2-120943 | D34: Reprogramación MP | E34: 46175 | F34: 16 | G34: Vencido | H34: Por hacer | I34: Media | J34: Cristián Beltrán Oviedo | K34: Cristián Beltrán Oviedo | M34: REPROGRAMACION CAUSAL C6 | N34: —
A35: Ventilador Mecánico | B35: ASFN-0006 | C35: 2-013592 | D35: Reprogramación MP | E35: 46201 | G35: Vigente | H35: Por hacer | I35: Media | J35: Ricardo Matus Aroca | K35: Cristián Beltrán Oviedo | M35: Reprogramar MP por causal C6 — No disponibilidad de HH servicio técnico externo. Reprogramar dentro de 30 días. | N35: —
A36: Ventilador Mecánico | B36: ASFN-0008 | C36: 2-013590 | D36: Gestión general | G36: Resuelto | H36: Hecho | I36: Media | J36: Cristián Beltrán Oviedo | K36: Cristián Beltrán Oviedo | M36: Firma de marco | N36: — | O36: 46174
A37: Ventilador Mecánico | B37: ASKK-0200 | C37: 2-116292 | D37: Gestión general | G37: Resuelto | H37: Hecho | I37: Media | J37: Marco Ulloa | K37: Cristián Beltrán Oviedo | M37: firma marco ulloa | N37: — | O37: 46176
A38: Ventilador Mecánico | B38: ASKL-0007 | C38: 2-116300 | D38: Gestión general | G38: Resuelto | H38: Hecho | I38: Media | J38: Marco Ulloa | K38: Cristián Beltrán Oviedo | M38: Firma marco | N38: — | O38: 46174
A39: Ventilador Mecánico | B39: ASFN-0009 | C39: 2-112327 | D39: Reprogramación MP | E39: 46201 | G39: Vigente | H39: Por hacer | I39: Media | J39: Ricardo Matus Aroca | K39: Cristián Beltrán Oviedo | M39: Reprogramar MP por causal C6 — No disponibilidad de HH servicio técnico externo. Reprogramar dentro de 30 días. | N39: —
A40: Monitor Multiparámetros | B40: 5494528944 | C40: 2-024297 | D40: Reprogramación MP | E40: 46174 | G40: Resuelto | H40: Hecho | I40: Media | J40: Cristina Rozas Urrutia | K40: Cristián Beltrán Oviedo | M40: le tocaba en abril pero se hizo en mayo porqué? | N40: — | O40: 46175
A41: Monitor Multiparámetros | B41: 01117. | C41: 2-024122 | D41: Gestión general | G41: Vigente | H41: Por hacer | I41: Media | J41: Marco Ulloa | K41: Cristián Beltrán Oviedo | M41: Localizar equipo (resultado MP = NU) | N41: —
A42: Monitor Multiparámetros | B42: 5495188658 | C42: 2-022659 | D42: Documento faltante | E42: 46181 | F42: 10 | G42: Vencido | H42: En proceso | I42: Media | J42: Cristina Rozas Urrutia | K42: Cristián Beltrán Oviedo | M42: Solicitar a cristina que genere una solicitud de trabajo | N42: —
A43: Monitor Multiparámetros | B43: DE351C1466 | C43: 2-117056 | D43: Documento faltante | E43: 46181 | G43: Resuelto | H43: Hecho | I43: Media | J43: Cristina Rozas Urrutia | K43: Cristián Beltrán Oviedo | M43: Solicitar al servicio que generene la solicitud de trabajo | N43: — | O43: 46175
A44: Monitor Multiparámetros | B44: PSHH501479 | C44: 2-121002 | D44: Reprogramación MP | E44: 46204 | G44: Resuelto | H44: Hecho | I44: Media | J44: Marco Ulloa | K44: Cristián Beltrán Oviedo | M44: Reprogramar MP por causal C8 — Contingencia hospitalaria. Reprogramar dentro de 30 días. | N44: — | O44: 46174
A45: Monitor Multiparámetros | B45: G3HQ40045 | C45: 2-118718 | D45: Reprogramación MP | E45: 46204 | G45: Resuelto | H45: Hecho | I45: Media | J45: Marco Ulloa | K45: Cristián Beltrán Oviedo | M45: Reprogramar MP por causal C8 — Contingencia hospitalaria. Reprogramar dentro de 30 días. | N45: — | O45: 46174
A46: Monitor Multiparámetros | B46: 22060100003 | C46: 2-124762 | D46: Reprogramación MP | E46: 46204 | G46: Resuelto | H46: Hecho | I46: Media | J46: Marco Ulloa | K46: Cristián Beltrán Oviedo | M46: Reprogramar MP por causal C8 — Contingencia hospitalaria. Reprogramar dentro de 30 días. | N46: — | O46: 46174
A47: Monitor Multiparámetros | B47: 5494528944 | C47: 2-024297 | D47: Gestión general | G47: Vigente | H47: Por hacer | I47: Media | J47: Cristina Rozas Urrutia | K47: Cristián Beltrán Oviedo | M47: Localizar equipo (resultado MP = NU) | N47: —
A48: Monitor Multiparámetros | B48: 5494528944 | C48: 2-024297 | D48: Gestión general | G48: Vigente | H48: Por hacer | I48: Media | K48: Cristián Beltrán Oviedo | M48: Solicitar al servicio que haga la solicitud de trabajo | N48: —
A49: Ventilador Mecánico | B49: ASLE-0157 | C49: 2-119687 | D49: Reprogramación MP | G49: Vigente | H49: Por hacer | I49: Media | K49: Cristián Beltrán Oviedo | M49: Falta reprogramación causal C6 | N49: —
A50: Monitor Multiparámetros | B50: 1045 | C50: 2-004584 | D50: Gestión general | E50: 46181 | F50: 10 | G50: Vencido | H50: Por hacer | I50: Media | J50: Tito Millapán Riquelme | K50: Cristián Beltrán Oviedo | M50: Preguntar a tito que pasa con este equipo | N50: —
A51: Ventilador Mecánico | B51: ASHK-0151 | C51: 2-110571 | D51: Documento faltante | E51: 46181 | F51: 10 | G51: Vencido | H51: Por hacer | I51: Media | J51: Ricardo Matus Aroca | K51: Cristián Beltrán Oviedo | M51: Guia de despacho mas informe de reparación drager | N51: —
A52: Ventilador Mecánico | B52: ASFN-0008 | C52: 2-013590 | D52: Documento faltante | E52: 46181 | F52: 10 | G52: Vencido | H52: Por hacer | I52: Media | K52: Cristián Beltrán Oviedo | M52: falta el reporte de mantención prevenentiva interno del 19-02-2026 | N52: —
A53: Ventilador Mecánico | B53: ASFN-0008 | C53: 2-013590 | D53: Reprogramación MP | G53: Vigente | H53: Por hacer | I53: Media | J53: Ricardo Matus Aroca | K53: Cristián Beltrán Oviedo | M53: Reprogramar MP por causal C3 — Equipo no operativo, espera de repuestos/accesorios. Esperar reintegro del equipo. | N53: —
A54: Ventilador Mecánico | B54: ASFN-0008 | C54: 2-013590 | D54: Reprogramación MP | G54: Vigente | H54: Por hacer | I54: Media | J54: Ricardo Matus Aroca | K54: Cristián Beltrán Oviedo | M54: Reprogramar MP por causal C3 — Equipo no operativo, espera de repuestos/accesorios. Esperar reintegro del equipo. | N54: —
A55: Máquina Diálisis | B55: 8VCAJN39 | C55: 2-113999 | D55: Reprogramación MP | E55: 46205 | G55: Vigente | H55: Por hacer | I55: Media | J55: Cristián Beltrán Oviedo | K55: Cristián Beltrán Oviedo | M55: Reprogramar MP por causal C6 — No disponibilidad de HH servicio técnico externo. Reprogramar dentro de 30 días. | N55: —
A56: Máquina Diálisis | B56: 3SXA4HCP | C56: 2-128062 | D56: Reprogramación MP | E56: 46205 | G56: Vigente | H56: Por hacer | I56: Media | J56: Cristián Beltrán Oviedo | K56: Cristián Beltrán Oviedo | M56: Reprogramar MP por causal C6 — No disponibilidad de HH servicio técnico externo. Reprogramar dentro de 30 días. | N56: —
A57: Máquina Diálisis | B57: 3SXA4HDJ | C57: 2-128045 | D57: Gestión general | E57: 46178 | F57: 13 | G57: Vencido | H57: Por hacer | I57: Media | J57: Cristián Beltrán Oviedo | K57: Cristián Beltrán Oviedo | M57: Falta el reporte interno de mantencion | N57: —
A58: DEA | B58: 122002983 | C58: 2-002371 | D58: Pauta de Monitoreo Diario | E58: 46181 | G58: Resuelto | H58: Hecho | I58: Media | J58: Carlos Bahamondes Seguel | K58: Cristián Beltrán Oviedo | M58: Pautal de monitoreo DIario, diciembre, enero, febrero, abril, mayo | N58: — | O58: 46181
A59: Monitor Multiparámetros | B59: 5494269849 | C59: 2-003489 | D59: Documento faltante | G59: Vigente | H59: Por hacer | I59: Media | K59: Cristián Beltrán Oviedo | M59: Falta reporte de mantencion preventiva de febrero | N59: —
A60: Monitor Multiparámetros | B60: DGM40040 | C60: 2-121536 | D60: Seguimiento de estado | E60: 46188 | F60: 3 | G60: Vencido | H60: En proceso | I60: Media | J60: Tito Millapán Riquelme | K60: Cristián Beltrán Oviedo | M60: REVISAR EL ESTADO DE ESTE EQUIPO | N60: [x] preguntar a tito
A61: Monitor Multiparámetros | B61: CN92392265 | C61: 2-121711 | D61: Reprogramación MP | E61: 46188 | G61: Resuelto | H61: Hecho | I61: Media | J61: Matías Soazo Garrido | K61: Cristián Beltrán Oviedo | M61: Falta reprogramación del mes de marzo | N61: — | O61: 46175
A62: Monitor Multiparámetros | B62: JH01B910008 | C62: 2-133676 | D62: Reprogramación MP | E62: 46188 | G62: Resuelto | H62: Hecho | I62: Media | J62: Matías Soazo Garrido | K62: Cristián Beltrán Oviedo | M62: Falta reprogramación del mes de marzo | N62: [x] Le solicité a matias que lo entregara | O62: 46175
A63: Monitor Multiparámetros | B63: JH01B910020 | C63: 2-133677 | D63: Reprogramación MP | E63: 46188 | G63: Resuelto | H63: Hecho | I63: Media | J63: Matías Soazo Garrido | K63: Cristián Beltrán Oviedo | M63: Falta reprogramación del mes de marzo | N63: — | O63: 46175
A64: Monitor Multiparámetros | B64: JH01B910011 | C64: 2-133678 | D64: Reprogramación MP | E64: 46188 | G64: Resuelto | H64: Hecho | I64: Media | J64: Matías Soazo Garrido | K64: Cristián Beltrán Oviedo | M64: Falta reprogramación del mes de marzo | N64: — | O64: 46175
A65: Monitor Multiparámetros | B65: JH01B910002 | C65: 2-133679 | D65: Reprogramación MP | E65: 46188 | G65: Resuelto | H65: Hecho | I65: Media | J65: Matías Soazo Garrido | K65: Cristián Beltrán Oviedo | M65: Falta reprogramación del mes de marzo | N65: — | O65: 46175
A66: Monitor Multiparámetros | B66: 1029 | C66: 2-008451 | D66: Reprogramación MP | E66: 46188 | G66: Resuelto | H66: Hecho | I66: Media | J66: Matías Soazo Garrido | K66: Cristián Beltrán Oviedo | M66: Falta reprogramación del mes de marzo | N66: — | O66: 46175
A67: Monitor Multiparámetros | B67: 5395660070 | C67: 2-112502 | D67: Reprogramación MP | E67: 46188 | G67: Resuelto | H67: Hecho | I67: Media | J67: Matías Soazo Garrido | K67: Cristián Beltrán Oviedo | M67: Falta reprogramación del mes de marzo | N67: — | O67: 46175
A68: Monitor Multiparámetros | B68: 23307030152 | C68: 2-112577 | D68: Reprogramación MP | E68: 46188 | G68: Resuelto | H68: Hecho | I68: Media | J68: Matías Soazo Garrido | K68: Cristián Beltrán Oviedo | M68: Falta reprogramación del mes de marzo | N68: — | O68: 46175
A69: Máquina Diálisis | B69: 3SXA4HC6 | C69: 2-128041 | D69: Documento faltante | G69: Vigente | H69: Por hacer | I69: Media | K69: Cristián Beltrán Oviedo | M69: Falta reporte de la empresa | N69: —
A70: Monitor Multiparámetros | B70: 23307030152 | C70: 2-112577 | D70: Reprogramación MP | E70: 46205 | G70: Resuelto | H70: Hecho | I70: Media | J70: Matías Soazo Garrido | K70: Cristián Beltrán Oviedo | M70: Reprogramar MP por causal C5 — No disponibilidad de HH funcionario SEC (carga laboral). Reprogramar dentro de 30 días. | N70: — | O70: 46175
A71: Monitor Multiparámetros | B71: 5395660070 | C71: 2-112502 | D71: Reprogramación MP | E71: 46205 | G71: Resuelto | H71: Hecho | I71: Media | J71: Matías Soazo Garrido | K71: Cristián Beltrán Oviedo | M71: Reprogramar MP por causal C5 — No disponibilidad de HH funcionario SEC (carga laboral). Reprogramar dentro de 30 días. | N71: — | O71: 46175
A72: Monitor Multiparámetros | B72: 1029 | C72: 2-008451 | D72: Reprogramación MP | E72: 46205 | G72: Resuelto | H72: Hecho | I72: Media | J72: Matías Soazo Garrido | K72: Cristián Beltrán Oviedo | M72: Reprogramar MP por causal C5 — No disponibilidad de HH funcionario SEC (carga laboral). Reprogramar dentro de 30 días. | N72: — | O72: 46175
A73: Monitor Multiparámetros | B73: CN92392265 | C73: 2-121711 | D73: Reprogramación MP | E73: 46205 | G73: Resuelto | H73: Hecho | I73: Media | J73: Matías Soazo Garrido | K73: Cristián Beltrán Oviedo | M73: Reprogramar MP por causal C5 — No disponibilidad de HH funcionario SEC (carga laboral). Reprogramar dentro de 30 días. | N73: — | O73: 46175
A74: Monitor Multiparámetros | B74: JH01B910008 | C74: 2-133676 | D74: Reprogramación MP | E74: 46205 | G74: Resuelto | H74: Hecho | I74: Media | J74: Matías Soazo Garrido | K74: Cristián Beltrán Oviedo | M74: Reprogramar MP por causal C5 — No disponibilidad de HH funcionario SEC (carga laboral). Reprogramar dentro de 30 días. | N74: — | O74: 46175
A75: Monitor Multiparámetros | B75: JH01B910020 | C75: 2-133677 | D75: Reprogramación MP | E75: 46205 | G75: Resuelto | H75: Hecho | I75: Media | J75: Matías Soazo Garrido | K75: Cristián Beltrán Oviedo | M75: Reprogramar MP por causal C5 — No disponibilidad de HH funcionario SEC (carga laboral). Reprogramar dentro de 30 días. | N75: — | O75: 46175
A76: Monitor Multiparámetros | B76: JH01B910002 | C76: 2-133679 | D76: Reprogramación MP | E76: 46205 | G76: Resuelto | H76: Hecho | I76: Media | J76: Matías Soazo Garrido | K76: Cristián Beltrán Oviedo | M76: Reprogramar MP por causal C5 — No disponibilidad de HH funcionario SEC (carga laboral). Reprogramar dentro de 30 días. | N76: — | O76: 46175
A77: Monitor Multiparámetros | B77: JH01B910011 | C77: 2-133678 | D77: Reprogramación MP | E77: 46205 | G77: Resuelto | H77: Hecho | I77: Media | J77: Matías Soazo Garrido | K77: Cristián Beltrán Oviedo | M77: Reprogramar MP por causal C5 — No disponibilidad de HH funcionario SEC (carga laboral). Reprogramar dentro de 30 días. | N77: — | O77: 46175
A78: Ventilador Mecánico | B78: 5497 | C78: 2-133451 | D78: Gestión general | E78: 46188 | F78: 3 | G78: Vencido | H78: En proceso | I78: Media | J78: Cristián Beltrán Oviedo | K78: Cristián Beltrán Oviedo | M78: Falta el reporte de mantencion preventiva de la empresa, asunto del correo "Solicitud cotizacion MP Hamilton" | N78: —
A79: Monitor Multiparámetros | B79: 5613360578 | C79: 2-117812 | D79: Documento faltante | G79: Vigente | H79: Por hacer | I79: Media | K79: Cristián Beltrán Oviedo | M79: GUIA DE DESPACHO | N79: —
A80: Ventilador Mecánico | B80: ASSM-0041 | C80: 200717-011500 | D80: Firma faltante | E80: 46181 | F80: 10 | G80: Vencido | H80: Por hacer | I80: Media | J80: Cristián Beltrán Oviedo | K80: Cristián Beltrán Oviedo | M80: FIrma de reporte interno | N80: [x] Sacar firma de don Ricardo [ ] Sacar firma de servicio clinico [x] pegar etiqueta en carpeta
A81: Máquina de Anestesia | B81: ARYA-0173 | C81: 2-024432 | D81: Documento faltante | G81: Vigente | H81: Por hacer | I81: Media | J81: Personal externo | K81: Cristián Beltrán Oviedo | M81: reporte interno de mantención preventiva | N81: —
A82: Máquina de Anestesia | B82: ASHB-0261 | C82: 2-024352 | D82: Documento faltante | G82: Vigente | H82: Por hacer | I82: Media | J82: Personal externo | K82: Cristián Beltrán Oviedo | M82: reporte interno mp Luis | N82: —
A83: Máquina de Anestesia | B83: ASDK-0158 | C83: 2-017325 | D83: Documento faltante | G83: Resuelto | H83: Hecho | I83: Media | J83: Personal externo | K83: Cristián Beltrán Oviedo | M83: reporte interno MP Luis | N83: — | O83: 46178

Sheet Ficha de Equipo
B1: Ficha de Equipo
B2: Elige el N° de inventario y verás todo su estado e historial
B4: N° Inventario: | C4: 2-118732
B6: IDENTIDAD
C7: Equipo | D7: Servicio | E7: Ubicación
C8: =IFERROR(VLOOKUP($C$4,Equipos!$C$2:$M$967,2,FALSE()),"—") -> Monitor Multiparámetros | D8: =IFERROR(VLOOKUP($C$4,Equipos!$C$2:$M$967,3,FALSE()),"—") -> Pabellón Quirúrgico | E8: =IFERROR(VLOOKUP($C$4,Equipos!$C$2:$M$967,5,FALSE()),"—") -> Pabellón 7
C9: Marca | D9: Modelo | E9: Serie
C10: =IFERROR(VLOOKUP($C$4,Equipos!$C$2:$M$967,7,FALSE()),"—") -> Drager | D10: =IFERROR(VLOOKUP($C$4,Equipos!$C$2:$M$967,8,FALSE()),"—") -> M540 | E10: =IFERROR(VLOOKUP($C$4,Equipos!$C$2:$M$967,9,FALSE()),"—") -> 5613543568
B12: ESTADO ACTUAL
B13: ¿Caso correctivo abierto? | D13: =IF(COUNTIFS('1. Órdenes de Trabajo'!$F$2:$F$301,$C$4,'1. Órdenes de Trabajo'!$J$2:$J$301,"Abierto")>0,"SÍ — en proceso","No") -> SÍ — en proceso
B14: ¿En servicio técnico? | D14: =IF(SUMPRODUCT(('5. Servicio Técnico (Envíos)'!$C$2:$C$301=$C$4)*('5. Servicio Técnico (Envíos)'!$K$2:$K$301<>"Operativo"))>0,"Sí","No") -> No
B15: Pendientes por hacer | D15: =COUNTIFS(Pendientes!$C$2:$C$200,$C$4,Pendientes!$H$2:$H$200,"Por hacer") -> 0
B16: MP ejecutadas / programadas | D16: =IFERROR(VLOOKUP($C$4,'MP Carta 2026'!$A$4:$Z$969,22,FALSE())&" / "&VLOOKUP($C$4,'MP Carta 2026'!$A$4:$Z$969,21,FALSE()),"—") -> 1 / 1
B18: PREVENTIVO 2026 (por mes)
B19: Ene | C19: Feb | D19: Mar | E19: Abr | F19: May | G19: Jun
B20: =IFERROR(VLOOKUP($C$4,'MP Carta 2026'!$A$4:$T$969,9,FALSE()),"") -> 0 | C20: =IFERROR(VLOOKUP($C$4,'MP Carta 2026'!$A$4:$T$969,10,FALSE()),"") -> 0 | D20: =IFERROR(VLOOKUP($C$4,'MP Carta 2026'!$A$4:$T$969,11,FALSE()),"") -> 0 | E20: =IFERROR(VLOOKUP($C$4,'MP Carta 2026'!$A$4:$T$969,12,FALSE()),"") -> E | F20: =IFERROR(VLOOKUP($C$4,'MP Carta 2026'!$A$4:$T$969,13,FALSE()),"") -> 0 | G20: =IFERROR(VLOOKUP($C$4,'MP Carta 2026'!$A$4:$T$969,14,FALSE()),"") -> 0
B21: Jul | C21: Ago | D21: Sep | E21: Oct | F21: Nov | G21: Dic
B22: =IFERROR(VLOOKUP($C$4,'MP Carta 2026'!$A$4:$T$969,15,FALSE()),"") -> 0 | C22: =IFERROR(VLOOKUP($C$4,'MP Carta 2026'!$A$4:$T$969,16,FALSE()),"") -> 0 | D22: =IFERROR(VLOOKUP($C$4,'MP Carta 2026'!$A$4:$T$969,17,FALSE()),"") -> 0 | E22: =IFERROR(VLOOKUP($C$4,'MP Carta 2026'!$A$4:$T$969,18,FALSE()),"") -> 0 | F22: =IFERROR(VLOOKUP($C$4,'MP Carta 2026'!$A$4:$T$969,19,FALSE()),"") -> 0 | G22: =IFERROR(VLOOKUP($C$4,'MP Carta 2026'!$A$4:$T$969,20,FALSE()),"") -> 0
B24: HISTORIAL CORRECTIVO
B25: Folio | C25: Fecha OT | D25: Requerimiento | E25: Estado | F25: Cierre
B26: =IFERROR(INDEX('1. Órdenes de Trabajo'!$A$2:$A$301,$T26),"") | C26: =IFERROR(INDEX('1. Órdenes de Trabajo'!$B$2:$B$301,$T26),"") | D26: =IFERROR(INDEX('1. Órdenes de Trabajo'!$D$2:$D$301,$T26),"") | E26: =IFERROR(INDEX('1. Órdenes de Trabajo'!$J$2:$J$301,$T26),"") | F26: =IFERROR(INDEX('1. Órdenes de Trabajo'!$K$2:$K$301,$T26),"") | T26: =IFERROR(_xludf.aggregate(15,6,(ROW('1. Órdenes de Trabajo'!$F$2:$F$301)-ROW('1. Órdenes de Trabajo'!$F$2)+1)/('1. Órdenes de Trabajo'!$F$2:$F$301=$C$4),1),"")
B27: =IFERROR(INDEX('1. Órdenes de Trabajo'!$A$2:$A$301,$T27),"") | C27: =IFERROR(INDEX('1. Órdenes de Trabajo'!$B$2:$B$301,$T27),"") | D27: =IFERROR(INDEX('1. Órdenes de Trabajo'!$D$2:$D$301,$T27),"") | E27: =IFERROR(INDEX('1. Órdenes de Trabajo'!$J$2:$J$301,$T27),"") | F27: =IFERROR(INDEX('1. Órdenes de Trabajo'!$K$2:$K$301,$T27),"") | T27: =IFERROR(_xludf.aggregate(15,6,(ROW('1. Órdenes de Trabajo'!$F$2:$F$301)-ROW('1. Órdenes de Trabajo'!$F$2)+1)/('1. Órdenes de Trabajo'!$F$2:$F$301=$C$4),2),"")
B28: =IFERROR(INDEX('1. Órdenes de Trabajo'!$A$2:$A$301,$T28),"") | C28: =IFERROR(INDEX('1. Órdenes de Trabajo'!$B$2:$B$301,$T28),"") | D28: =IFERROR(INDEX('1. Órdenes de Trabajo'!$D$2:$D$301,$T28),"") | E28: =IFERROR(INDEX('1. Órdenes de Trabajo'!$J$2:$J$301,$T28),"") | F28: =IFERROR(INDEX('1. Órdenes de Trabajo'!$K$2:$K$301,$T28),"") | T28: =IFERROR(_xludf.aggregate(15,6,(ROW('1. Órdenes de Trabajo'!$F$2:$F$301)-ROW('1. Órdenes de Trabajo'!$F$2)+1)/('1. Órdenes de Trabajo'!$F$2:$F$301=$C$4),3),"")
B29: =IFERROR(INDEX('1. Órdenes de Trabajo'!$A$2:$A$301,$T29),"") | C29: =IFERROR(INDEX('1. Órdenes de Trabajo'!$B$2:$B$301,$T29),"") | D29: =IFERROR(INDEX('1. Órdenes de Trabajo'!$D$2:$D$301,$T29),"") | E29: =IFERROR(INDEX('1. Órdenes de Trabajo'!$J$2:$J$301,$T29),"") | F29: =IFERROR(INDEX('1. Órdenes de Trabajo'!$K$2:$K$301,$T29),"") | T29: =IFERROR(_xludf.aggregate(15,6,(ROW('1. Órdenes de Trabajo'!$F$2:$F$301)-ROW('1. Órdenes de Trabajo'!$F$2)+1)/('1. Órdenes de Trabajo'!$F$2:$F$301=$C$4),4),"")
B30: =IFERROR(INDEX('1. Órdenes de Trabajo'!$A$2:$A$301,$T30),"") | C30: =IFERROR(INDEX('1. Órdenes de Trabajo'!$B$2:$B$301,$T30),"") | D30: =IFERROR(INDEX('1. Órdenes de Trabajo'!$D$2:$D$301,$T30),"") | E30: =IFERROR(INDEX('1. Órdenes de Trabajo'!$J$2:$J$301,$T30),"") | F30: =IFERROR(INDEX('1. Órdenes de Trabajo'!$K$2:$K$301,$T30),"") | T30: =IFERROR(_xludf.aggregate(15,6,(ROW('1. Órdenes de Trabajo'!$F$2:$F$301)-ROW('1. Órdenes de Trabajo'!$F$2)+1)/('1. Órdenes de Trabajo'!$F$2:$F$301=$C$4),5),"")
B31: =IFERROR(INDEX('1. Órdenes de Trabajo'!$A$2:$A$301,$T31),"") | C31: =IFERROR(INDEX('1. Órdenes de Trabajo'!$B$2:$B$301,$T31),"") | D31: =IFERROR(INDEX('1. Órdenes de Trabajo'!$D$2:$D$301,$T31),"") | E31: =IFERROR(INDEX('1. Órdenes de Trabajo'!$J$2:$J$301,$T31),"") | F31: =IFERROR(INDEX('1. Órdenes de Trabajo'!$K$2:$K$301,$T31),"") | T31: =IFERROR(_xludf.aggregate(15,6,(ROW('1. Órdenes de Trabajo'!$F$2:$F$301)-ROW('1. Órdenes de Trabajo'!$F$2)+1)/('1. Órdenes de Trabajo'!$F$2:$F$301=$C$4),6),"")
B33: HISTORIAL PREVENTIVO
B34: Mes | C34: Resultado | D34: Fecha | E34: Ingeniero
B35: =IFERROR(INDEX('Registro MP'!$G$2:$G$301,$T35),"") | C35: =IFERROR(INDEX('Registro MP'!$J$2:$J$301,$T35),"") | D35: =IFERROR(INDEX('Registro MP'!$L$2:$L$301,$T35),"") | E35: =IFERROR(INDEX('Registro MP'!$N$2:$N$301,$T35),"") | T35: =IFERROR(_xludf.aggregate(15,6,(ROW('Registro MP'!$A$2:$A$301)-ROW('Registro MP'!$A$2)+1)/('Registro MP'!$A$2:$A$301=$C$4),1),"")
B36: =IFERROR(INDEX('Registro MP'!$G$2:$G$301,$T36),"") | C36: =IFERROR(INDEX('Registro MP'!$J$2:$J$301,$T36),"") | D36: =IFERROR(INDEX('Registro MP'!$L$2:$L$301,$T36),"") | E36: =IFERROR(INDEX('Registro MP'!$N$2:$N$301,$T36),"") | T36: =IFERROR(_xludf.aggregate(15,6,(ROW('Registro MP'!$A$2:$A$301)-ROW('Registro MP'!$A$2)+1)/('Registro MP'!$A$2:$A$301=$C$4),2),"")
B37: =IFERROR(INDEX('Registro MP'!$G$2:$G$301,$T37),"") | C37: =IFERROR(INDEX('Registro MP'!$J$2:$J$301,$T37),"") | D37: =IFERROR(INDEX('Registro MP'!$L$2:$L$301,$T37),"") | E37: =IFERROR(INDEX('Registro MP'!$N$2:$N$301,$T37),"") | T37: =IFERROR(_xludf.aggregate(15,6,(ROW('Registro MP'!$A$2:$A$301)-ROW('Registro MP'!$A$2)+1)/('Registro MP'!$A$2:$A$301=$C$4),3),"")
B38: =IFERROR(INDEX('Registro MP'!$G$2:$G$301,$T38),"") | C38: =IFERROR(INDEX('Registro MP'!$J$2:$J$301,$T38),"") | D38: =IFERROR(INDEX('Registro MP'!$L$2:$L$301,$T38),"") | E38: =IFERROR(INDEX('Registro MP'!$N$2:$N$301,$T38),"") | T38: =IFERROR(_xludf.aggregate(15,6,(ROW('Registro MP'!$A$2:$A$301)-ROW('Registro MP'!$A$2)+1)/('Registro MP'!$A$2:$A$301=$C$4),4),"")
B39: =IFERROR(INDEX('Registro MP'!$G$2:$G$301,$T39),"") | C39: =IFERROR(INDEX('Registro MP'!$J$2:$J$301,$T39),"") | D39: =IFERROR(INDEX('Registro MP'!$L$2:$L$301,$T39),"") | E39: =IFERROR(INDEX('Registro MP'!$N$2:$N$301,$T39),"") | T39: =IFERROR(_xludf.aggregate(15,6,(ROW('Registro MP'!$A$2:$A$301)-ROW('Registro MP'!$A$2)+1)/('Registro MP'!$A$2:$A$301=$C$4),5),"")
B40: =IFERROR(INDEX('Registro MP'!$G$2:$G$301,$T40),"") | C40: =IFERROR(INDEX('Registro MP'!$J$2:$J$301,$T40),"") | D40: =IFERROR(INDEX('Registro MP'!$L$2:$L$301,$T40),"") | E40: =IFERROR(INDEX('Registro MP'!$N$2:$N$301,$T40),"") | T40: =IFERROR(_xludf.aggregate(15,6,(ROW('Registro MP'!$A$2:$A$301)-ROW('Registro MP'!$A$2)+1)/('Registro MP'!$A$2:$A$301=$C$4),6),"")
B41: =IFERROR(INDEX('Registro MP'!$G$2:$G$301,$T41),"") | C41: =IFERROR(INDEX('Registro MP'!$J$2:$J$301,$T41),"") | D41: =IFERROR(INDEX('Registro MP'!$L$2:$L$301,$T41),"") | E41: =IFERROR(INDEX('Registro MP'!$N$2:$N$301,$T41),"") | T41: =IFERROR(_xludf.aggregate(15,6,(ROW('Registro MP'!$A$2:$A$301)-ROW('Registro MP'!$A$2)+1)/('Registro MP'!$A$2:$A$301=$C$4),7),"")
B42: =IFERROR(INDEX('Registro MP'!$G$2:$G$301,$T42),"") | C42: =IFERROR(INDEX('Registro MP'!$J$2:$J$301,$T42),"") | D42: =IFERROR(INDEX('Registro MP'!$L$2:$L$301,$T42),"") | E42: =IFERROR(INDEX('Registro MP'!$N$2:$N$301,$T42),"") | T42: =IFERROR(_xludf.aggregate(15,6,(ROW('Registro MP'!$A$2:$A$301)-ROW('Registro MP'!$A$2)+1)/('Registro MP'!$A$2:$A$301=$C$4),8),"")
B43: =IFERROR(INDEX('Registro MP'!$G$2:$G$301,$T43),"") | C43: =IFERROR(INDEX('Registro MP'!$J$2:$J$301,$T43),"") | D43: =IFERROR(INDEX('Registro MP'!$L$2:$L$301,$T43),"") | E43: =IFERROR(INDEX('Registro MP'!$N$2:$N$301,$T43),"") | T43: =IFERROR(_xludf.aggregate(15,6,(ROW('Registro MP'!$A$2:$A$301)-ROW('Registro MP'!$A$2)+1)/('Registro MP'!$A$2:$A$301=$C$4),9),"")
B44: =IFERROR(INDEX('Registro MP'!$G$2:$G$301,$T44),"") | C44: =IFERROR(INDEX('Registro MP'!$J$2:$J$301,$T44),"") | D44: =IFERROR(INDEX('Registro MP'!$L$2:$L$301,$T44),"") | E44: =IFERROR(INDEX('Registro MP'!$N$2:$N$301,$T44),"") | T44: =IFERROR(_xludf.aggregate(15,6,(ROW('Registro MP'!$A$2:$A$301)-ROW('Registro MP'!$A$2)+1)/('Registro MP'!$A$2:$A$301=$C$4),10),"")
B46: PENDIENTES DEL EQUIPO
B47: Tipo | C47: Estado | D47: Vence | E47: Responsable | F47: Descripción
B48: =IFERROR(INDEX(Pendientes!$D$2:$D$301,$T48),"") | C48: =IFERROR(INDEX(Pendientes!$H$2:$H$301,$T48),"") | D48: =IFERROR(INDEX(Pendientes!$E$2:$E$301,$T48),"") | E48: =IFERROR(INDEX(Pendientes!$J$2:$J$301,$T48),"") | F48: =IFERROR(INDEX(Pendientes!$M$2:$M$301,$T48),"") | T48: =IFERROR(_xludf.aggregate(15,6,(ROW(Pendientes!$C$2:$C$301)-ROW(Pendientes!$C$2)+1)/(Pendientes!$C$2:$C$301=$C$4),1),"")
B49: =IFERROR(INDEX(Pendientes!$D$2:$D$301,$T49),"") | C49: =IFERROR(INDEX(Pendientes!$H$2:$H$301,$T49),"") | D49: =IFERROR(INDEX(Pendientes!$E$2:$E$301,$T49),"") | E49: =IFERROR(INDEX(Pendientes!$J$2:$J$301,$T49),"") | F49: =IFERROR(INDEX(Pendientes!$M$2:$M$301,$T49),"") | T49: =IFERROR(_xludf.aggregate(15,6,(ROW(Pendientes!$C$2:$C$301)-ROW(Pendientes!$C$2)+1)/(Pendientes!$C$2:$C$301=$C$4),2),"")
B50: =IFERROR(INDEX(Pendientes!$D$2:$D$301,$T50),"") | C50: =IFERROR(INDEX(Pendientes!$H$2:$H$301,$T50),"") | D50: =IFERROR(INDEX(Pendientes!$E$2:$E$301,$T50),"") | E50: =IFERROR(INDEX(Pendientes!$J$2:$J$301,$T50),"") | F50: =IFERROR(INDEX(Pendientes!$M$2:$M$301,$T50),"") | T50: =IFERROR(_xludf.aggregate(15,6,(ROW(Pendientes!$C$2:$C$301)-ROW(Pendientes!$C$2)+1)/(Pendientes!$C$2:$C$301=$C$4),3),"")
B51: =IFERROR(INDEX(Pendientes!$D$2:$D$301,$T51),"") | C51: =IFERROR(INDEX(Pendientes!$H$2:$H$301,$T51),"") | D51: =IFERROR(INDEX(Pendientes!$E$2:$E$301,$T51),"") | E51: =IFERROR(INDEX(Pendientes!$J$2:$J$301,$T51),"") | F51: =IFERROR(INDEX(Pendientes!$M$2:$M$301,$T51),"") | T51: =IFERROR(_xludf.aggregate(15,6,(ROW(Pendientes!$C$2:$C$301)-ROW(Pendientes!$C$2)+1)/(Pendientes!$C$2:$C$301=$C$4),4),"")
B52: =IFERROR(INDEX(Pendientes!$D$2:$D$301,$T52),"") | C52: =IFERROR(INDEX(Pendientes!$H$2:$H$301,$T52),"") | D52: =IFERROR(INDEX(Pendientes!$E$2:$E$301,$T52),"") | E52: =IFERROR(INDEX(Pendientes!$J$2:$J$301,$T52),"") | F52: =IFERROR(INDEX(Pendientes!$M$2:$M$301,$T52),"") | T52: =IFERROR(_xludf.aggregate(15,6,(ROW(Pendientes!$C$2:$C$301)-ROW(Pendientes!$C$2)+1)/(Pendientes!$C$2:$C$301=$C$4),5),"")
B53: =IFERROR(INDEX(Pendientes!$D$2:$D$301,$T53),"") | C53: =IFERROR(INDEX(Pendientes!$H$2:$H$301,$T53),"") | D53: =IFERROR(INDEX(Pendientes!$E$2:$E$301,$T53),"") | E53: =IFERROR(INDEX(Pendientes!$J$2:$J$301,$T53),"") | F53: =IFERROR(INDEX(Pendientes!$M$2:$M$301,$T53),"") | T53: =IFERROR(_xludf.aggregate(15,6,(ROW(Pendientes!$C$2:$C$301)-ROW(Pendientes!$C$2)+1)/(Pendientes!$C$2:$C$301=$C$4),6),"")

Sheet Tablero
A1: Tablero
A2: Operatividad correctiva en tiempo real y avance del programa preventivo 2026 · se actualiza solo al cargar datos
A3: Hoy: | B3: =TODAY() -> 46191
A5: Casos abiertos | B5: Equipos No Operativos | C5: En Servicio Técnico | D5: Dados de baja | E5: Casos cerrados | F5: Pendientes documentales
A6: =COUNTIF('1. Órdenes de Trabajo'!$J$2:$J$301,"Abierto") -> 11 | B6: =COUNTIFS('1. Órdenes de Trabajo'!$J$2:$J$301,"Abierto",'1. Órdenes de Trabajo'!$H$2:$H$301,"No Operativo") -> 11 | C6: =SUMPRODUCT(('5. Servicio Técnico (Envíos)'!$A$2:$A$301<>"")*('5. Servicio Técnico (Envíos)'!$I$2:$I$301="")) -> 8 | D6: =COUNTIF('6. Bajas'!$A$2:$A$301,"?*") -> 0 | E6: =COUNTIF('1. Órdenes de Trabajo'!$J$2:$J$301,"Cerrado") -> 4 | F6: =COUNTIF('4. Visitas Técnicas'!$L$2:$L$301,"No")+COUNTIF('5. Servicio Técnico (Envíos)'!$M$2:$M$301,"No") -> 2
A9: Folio SIGEM | B9: Equipo | C9: Servicio | D9: Estado actual | E9: Técnico asignado | F9: Fecha OT | G9: Días abierto | H9: Evento
A10: =IF('1. Órdenes de Trabajo'!$J2="Abierto",'1. Órdenes de Trabajo'!$A2,"") | B10: =IF('1. Órdenes de Trabajo'!$J2="Abierto",'1. Órdenes de Trabajo'!$E2,"") | C10: =IF('1. Órdenes de Trabajo'!$J2="Abierto",'1. Órdenes de Trabajo'!$I2,"") | D10: =IF('1. Órdenes de Trabajo'!$J2="Abierto",IF(COUNTIF('6. Bajas'!$A$2:$A$301,'1. Órdenes de Trabajo'!$A2)>0,"Baja",IF(SUMPRODUCT(('5. Servicio Técnico (Envíos)'!$A$2:$A$301='1. Órdenes de Trabajo'!$A2)*('5. Servicio Técnico (Envíos)'!$I$2:$I$301=""))>0,"Servicio Técnico",'1. Órdenes de Trabajo'!$H2)),"") | E10: =IF('1. Órdenes de Trabajo'!$J2="Abierto",'1. Órdenes de Trabajo'!$C2,"") | F10: =IF('1. Órdenes de Trabajo'!$J2="Abierto",'1. Órdenes de Trabajo'!$B2,"") | G10: =IFERROR(IF('1. Órdenes de Trabajo'!$J2="Abierto",IF('1. Órdenes de Trabajo'!$B2="","",TODAY()-IF(ISNUMBER('1. Órdenes de Trabajo'!$B2),'1. Órdenes de Trabajo'!$B2,DATE(VALUE(MID('1. Órdenes de Trabajo'!$B2,7,4)),VALUE(MID('1. Órdenes de Trabajo'!$B2,4,2)),VALUE(MID('1. Órdenes de Trabajo'!$B2,1,2))))),""),"") | H10: =IF('1. Órdenes de Trabajo'!$J2="Abierto",'1. Órdenes de Trabajo'!$J2,"")
A11: =IF('1. Órdenes de Trabajo'!$J3="Abierto",'1. Órdenes de Trabajo'!$A3,"") -> 2025-121109-19-18809 | B11: =IF('1. Órdenes de Trabajo'!$J3="Abierto",'1. Órdenes de Trabajo'!$E3,"") -> Ventilador Mecánico | C11: =IF('1. Órdenes de Trabajo'!$J3="Abierto",'1. Órdenes de Trabajo'!$I3,"") -> UPC Pediátrica | D11: =IF('1. Órdenes de Trabajo'!$J3="Abierto",IF(COUNTIF('6. Bajas'!$A$2:$A$301,'1. Órdenes de Trabajo'!$A3)>0,"Baja",IF(SUMPRODUCT(('5. Servicio Técnico (Envíos)'!$A$2:$A$301='1. Órdenes de Trabajo'!$A3)*('5. Servicio Técnico (Envíos)'!$I$2:$I$301=""))>0,"Servicio Técnico",'1. Órdenes de Trabajo'!$H3)),"") -> No Operativo | E11: =IF('1. Órdenes de Trabajo'!$J3="Abierto",'1. Órdenes de Trabajo'!$C3,"") -> Ricardo Matus Aroca | F11: =IF('1. Órdenes de Trabajo'!$J3="Abierto",'1. Órdenes de Trabajo'!$B3,"") -> 24-10-2025 | G11: =IFERROR(IF('1. Órdenes de Trabajo'!$J3="Abierto",IF('1. Órdenes de Trabajo'!$B3="","",TODAY()-IF(ISNUMBER('1. Órdenes de Trabajo'!$B3),'1. Órdenes de Trabajo'!$B3,DATE(VALUE(MID('1. Órdenes de Trabajo'!$B3,7,4)),VALUE(MID('1. Órdenes de Trabajo'!$B3,4,2)),VALUE(MID('1. Órdenes de Trabajo'!$B3,1,2))))),""),"") -> 237 | H11: =IF('1. Órdenes de Trabajo'!$J3="Abierto",'1. Órdenes de Trabajo'!$J3,"") -> Abierto
A12: =IF('1. Órdenes de Trabajo'!$J4="Abierto",'1. Órdenes de Trabajo'!$A4,"") | B12: =IF('1. Órdenes de Trabajo'!$J4="Abierto",'1. Órdenes de Trabajo'!$E4,"") | C12: =IF('1. Órdenes de Trabajo'!$J4="Abierto",'1. Órdenes de Trabajo'!$I4,"") | D12: =IF('1. Órdenes de Trabajo'!$J4="Abierto",IF(COUNTIF('6. Bajas'!$A$2:$A$301,'1. Órdenes de Trabajo'!$A4)>0,"Baja",IF(SUMPRODUCT(('5. Servicio Técnico (Envíos)'!$A$2:$A$301='1. Órdenes de Trabajo'!$A4)*('5. Servicio Técnico (Envíos)'!$I$2:$I$301=""))>0,"Servicio Técnico",'1. Órdenes de Trabajo'!$H4)),"") | E12: =IF('1. Órdenes de Trabajo'!$J4="Abierto",'1. Órdenes de Trabajo'!$C4,"") | F12: =IF('1. Órdenes de Trabajo'!$J4="Abierto",'1. Órdenes de Trabajo'!$B4,"") | G12: =IFERROR(IF('1. Órdenes de Trabajo'!$J4="Abierto",IF('1. Órdenes de Trabajo'!$B4="","",TODAY()-IF(ISNUMBER('1. Órdenes de Trabajo'!$B4),'1. Órdenes de Trabajo'!$B4,DATE(VALUE(MID('1. Órdenes de Trabajo'!$B4,7,4)),VALUE(MID('1. Órdenes de Trabajo'!$B4,4,2)),VALUE(MID('1. Órdenes de Trabajo'!$B4,1,2))))),""),"") | H12: =IF('1. Órdenes de Trabajo'!$J4="Abierto",'1. Órdenes de Trabajo'!$J4,"")
A13: =IF('1. Órdenes de Trabajo'!$J5="Abierto",'1. Órdenes de Trabajo'!$A5,"") | B13: =IF('1. Órdenes de Trabajo'!$J5="Abierto",'1. Órdenes de Trabajo'!$E5,"") | C13: =IF('1. Órdenes de Trabajo'!$J5="Abierto",'1. Órdenes de Trabajo'!$I5,"") | D13: =IF('1. Órdenes de Trabajo'!$J5="Abierto",IF(COUNTIF('6. Bajas'!$A$2:$A$301,'1. Órdenes de Trabajo'!$A5)>0,"Baja",IF(SUMPRODUCT(('5. Servicio Técnico (Envíos)'!$A$2:$A$301='1. Órdenes de Trabajo'!$A5)*('5. Servicio Técnico (Envíos)'!$I$2:$I$301=""))>0,"Servicio Técnico",'1. Órdenes de Trabajo'!$H5)),"") | E13: =IF('1. Órdenes de Trabajo'!$J5="Abierto",'1. Órdenes de Trabajo'!$C5,"") | F13: =IF('1. Órdenes de Trabajo'!$J5="Abierto",'1. Órdenes de Trabajo'!$B5,"") | G13: =IFERROR(IF('1. Órdenes de Trabajo'!$J5="Abierto",IF('1. Órdenes de Trabajo'!$B5="","",TODAY()-IF(ISNUMBER('1. Órdenes de Trabajo'!$B5),'1. Órdenes de Trabajo'!$B5,DATE(VALUE(MID('1. Órdenes de Trabajo'!$B5,7,4)),VALUE(MID('1. Órdenes de Trabajo'!$B5,4,2)),VALUE(MID('1. Órdenes de Trabajo'!$B5,1,2))))),""),"") | H13: =IF('1. Órdenes de Trabajo'!$J5="Abierto",'1. Órdenes de Trabajo'!$J5,"")
A14: =IF('1. Órdenes de Trabajo'!$J6="Abierto",'1. Órdenes de Trabajo'!$A6,"") -> 2026-121109-19-6215 | B14: =IF('1. Órdenes de Trabajo'!$J6="Abierto",'1. Órdenes de Trabajo'!$E6,"") -> Máquina Diálisis | C14: =IF('1. Órdenes de Trabajo'!$J6="Abierto",'1. Órdenes de Trabajo'!$I6,"") -> Hemodiálisis | D14: =IF('1. Órdenes de Trabajo'!$J6="Abierto",IF(COUNTIF('6. Bajas'!$A$2:$A$301,'1. Órdenes de Trabajo'!$A6)>0,"Baja",IF(SUMPRODUCT(('5. Servicio Técnico (Envíos)'!$A$2:$A$301='1. Órdenes de Trabajo'!$A6)*('5. Servicio Técnico (Envíos)'!$I$2:$I$301=""))>0,"Servicio Técnico",'1. Órdenes de Trabajo'!$H6)),"") -> No Operativo | E14: =IF('1. Órdenes de Trabajo'!$J6="Abierto",'1. Órdenes de Trabajo'!$C6,"") -> Cristián Beltrán Oviedo | F14: =IF('1. Órdenes de Trabajo'!$J6="Abierto",'1. Órdenes de Trabajo'!$B6,"") -> 06-04-2026 | G14: =IFERROR(IF('1. Órdenes de Trabajo'!$J6="Abierto",IF('1. Órdenes de Trabajo'!$B6="","",TODAY()-IF(ISNUMBER('1. Órdenes de Trabajo'!$B6),'1. Órdenes de Trabajo'!$B6,DATE(VALUE(MID('1. Órdenes de Trabajo'!$B6,7,4)),VALUE(MID('1. Órdenes de Trabajo'!$B6,4,2)),VALUE(MID('1. Órdenes de Trabajo'!$B6,1,2))))),""),"") -> 73 | H14: =IF('1. Órdenes de Trabajo'!$J6="Abierto",'1. Órdenes de Trabajo'!$J6,"") -> Abierto
A15: =IF('1. Órdenes de Trabajo'!$J7="Abierto",'1. Órdenes de Trabajo'!$A7,"") -> 2026-121109-19-6271 | B15: =IF('1. Órdenes de Trabajo'!$J7="Abierto",'1. Órdenes de Trabajo'!$E7,"") -> Ventilador Mecánico | C15: =IF('1. Órdenes de Trabajo'!$J7="Abierto",'1. Órdenes de Trabajo'!$I7,"") -> UPC 3er Piso | D15: =IF('1. Órdenes de Trabajo'!$J7="Abierto",IF(COUNTIF('6. Bajas'!$A$2:$A$301,'1. Órdenes de Trabajo'!$A7)>0,"Baja",IF(SUMPRODUCT(('5. Servicio Técnico (Envíos)'!$A$2:$A$301='1. Órdenes de Trabajo'!$A7)*('5. Servicio Técnico (Envíos)'!$I$2:$I$301=""))>0,"Servicio Técnico",'1. Órdenes de Trabajo'!$H7)),"") -> Servicio Técnico | E15: =IF('1. Órdenes de Trabajo'!$J7="Abierto",'1. Órdenes de Trabajo'!$C7,"") -> Ricardo Matus Aroca | F15: =IF('1. Órdenes de Trabajo'!$J7="Abierto",'1. Órdenes de Trabajo'!$B7,"") -> 07-04-2026 | G15: =IFERROR(IF('1. Órdenes de Trabajo'!$J7="Abierto",IF('1. Órdenes de Trabajo'!$B7="","",TODAY()-IF(ISNUMBER('1. Órdenes de Trabajo'!$B7),'1. Órdenes de Trabajo'!$B7,DATE(VALUE(MID('1. Órdenes de Trabajo'!$B7,7,4)),VALUE(MID('1. Órdenes de Trabajo'!$B7,4,2)),VALUE(MID('1. Órdenes de Trabajo'!$B7,1,2))))),""),"") -> 72 | H15: =IF('1. Órdenes de Trabajo'!$J7="Abierto",'1. Órdenes de Trabajo'!$J7,"") -> Abierto
A16: =IF('1. Órdenes de Trabajo'!$J8="Abierto",'1. Órdenes de Trabajo'!$A8,"") -> 2026-121109-19-6374 | B16: =IF('1. Órdenes de Trabajo'!$J8="Abierto",'1. Órdenes de Trabajo'!$E8,"") -> Ventilador Mecánico | C16: =IF('1. Órdenes de Trabajo'!$J8="Abierto",'1. Órdenes de Trabajo'!$I8,"") -> UPC 3er Piso | D16: =IF('1. Órdenes de Trabajo'!$J8="Abierto",IF(COUNTIF('6. Bajas'!$A$2:$A$301,'1. Órdenes de Trabajo'!$A8)>0,"Baja",IF(SUMPRODUCT(('5. Servicio Técnico (Envíos)'!$A$2:$A$301='1. Órdenes de Trabajo'!$A8)*('5. Servicio Técnico (Envíos)'!$I$2:$I$301=""))>0,"Servicio Técnico",'1. Órdenes de Trabajo'!$H8)),"") -> Servicio Técnico | E16: =IF('1. Órdenes de Trabajo'!$J8="Abierto",'1. Órdenes de Trabajo'!$C8,"") -> Ricardo Matus Aroca | F16: =IF('1. Órdenes de Trabajo'!$J8="Abierto",'1. Órdenes de Trabajo'!$B8,"") -> 08-04-2026 | G16: =IFERROR(IF('1. Órdenes de Trabajo'!$J8="Abierto",IF('1. Órdenes de Trabajo'!$B8="","",TODAY()-IF(ISNUMBER('1. Órdenes de Trabajo'!$B8),'1. Órdenes de Trabajo'!$B8,DATE(VALUE(MID('1. Órdenes de Trabajo'!$B8,7,4)),VALUE(MID('1. Órdenes de Trabajo'!$B8,4,2)),VALUE(MID('1. Órdenes de Trabajo'!$B8,1,2))))),""),"") -> 71 | H16: =IF('1. Órdenes de Trabajo'!$J8="Abierto",'1. Órdenes de Trabajo'!$J8,"") -> Abierto
A17: =IF('1. Órdenes de Trabajo'!$J9="Abierto",'1. Órdenes de Trabajo'!$A9,"") | B17: =IF('1. Órdenes de Trabajo'!$J9="Abierto",'1. Órdenes de Trabajo'!$E9,"") | C17: =IF('1. Órdenes de Trabajo'!$J9="Abierto",'1. Órdenes de Trabajo'!$I9,"") | D17: =IF('1. Órdenes de Trabajo'!$J9="Abierto",IF(COUNTIF('6. Bajas'!$A$2:$A$301,'1. Órdenes de Trabajo'!$A9)>0,"Baja",IF(SUMPRODUCT(('5. Servicio Técnico (Envíos)'!$A$2:$A$301='1. Órdenes de Trabajo'!$A9)*('5. Servicio Técnico (Envíos)'!$I$2:$I$301=""))>0,"Servicio Técnico",'1. Órdenes de Trabajo'!$H9)),"") | E17: =IF('1. Órdenes de Trabajo'!$J9="Abierto",'1. Órdenes de Trabajo'!$C9,"") | F17: =IF('1. Órdenes de Trabajo'!$J9="Abierto",'1. Órdenes de Trabajo'!$B9,"") | G17: =IFERROR(IF('1. Órdenes de Trabajo'!$J9="Abierto",IF('1. Órdenes de Trabajo'!$B9="","",TODAY()-IF(ISNUMBER('1. Órdenes de Trabajo'!$B9),'1. Órdenes de Trabajo'!$B9,DATE(VALUE(MID('1. Órdenes de Trabajo'!$B9,7,4)),VALUE(MID('1. Órdenes de Trabajo'!$B9,4,2)),VALUE(MID('1. Órdenes de Trabajo'!$B9,1,2))))),""),"") | H17: =IF('1. Órdenes de Trabajo'!$J9="Abierto",'1. Órdenes de Trabajo'!$J9,"")
A18: =IF('1. Órdenes de Trabajo'!$J10="Abierto",'1. Órdenes de Trabajo'!$A10,"") -> 2026-121109-19-7762 | B18: =IF('1. Órdenes de Trabajo'!$J10="Abierto",'1. Órdenes de Trabajo'!$E10,"") -> Monitor Multiparámetros | C18: =IF('1. Órdenes de Trabajo'!$J10="Abierto",'1. Órdenes de Trabajo'!$I10,"") -> Medicina | D18: =IF('1. Órdenes de Trabajo'!$J10="Abierto",IF(COUNTIF('6. Bajas'!$A$2:$A$301,'1. Órdenes de Trabajo'!$A10)>0,"Baja",IF(SUMPRODUCT(('5. Servicio Técnico (Envíos)'!$A$2:$A$301='1. Órdenes de Trabajo'!$A10)*('5. Servicio Técnico (Envíos)'!$I$2:$I$301=""))>0,"Servicio Técnico",'1. Órdenes de Trabajo'!$H10)),"") -> Servicio Técnico | E18: =IF('1. Órdenes de Trabajo'!$J10="Abierto",'1. Órdenes de Trabajo'!$C10,"") -> Carlos Bahamondes Seguel | F18: =IF('1. Órdenes de Trabajo'!$J10="Abierto",'1. Órdenes de Trabajo'!$B10,"") -> 27-04-2026 | G18: =IFERROR(IF('1. Órdenes de Trabajo'!$J10="Abierto",IF('1. Órdenes de Trabajo'!$B10="","",TODAY()-IF(ISNUMBER('1. Órdenes de Trabajo'!$B10),'1. Órdenes de Trabajo'!$B10,DATE(VALUE(MID('1. Órdenes de Trabajo'!$B10,7,4)),VALUE(MID('1. Órdenes de Trabajo'!$B10,4,2)),VALUE(MID('1. Órdenes de Trabajo'!$B10,1,2))))),""),"") -> 52 | H18: =IF('1. Órdenes de Trabajo'!$J10="Abierto",'1. Órdenes de Trabajo'!$J10,"") -> Abierto
A19: =IF('1. Órdenes de Trabajo'!$J11="Abierto",'1. Órdenes de Trabajo'!$A11,"") -> 2026-121109-19-9046 | B19: =IF('1. Órdenes de Trabajo'!$J11="Abierto",'1. Órdenes de Trabajo'!$E11,"") -> Monitor Multiparámetros | C19: =IF('1. Órdenes de Trabajo'!$J11="Abierto",'1. Órdenes de Trabajo'!$I11,"") -> Medicina | D19: =IF('1. Órdenes de Trabajo'!$J11="Abierto",IF(COUNTIF('6. Bajas'!$A$2:$A$301,'1. Órdenes de Trabajo'!$A11)>0,"Baja",IF(SUMPRODUCT(('5. Servicio Técnico (Envíos)'!$A$2:$A$301='1. Órdenes de Trabajo'!$A11)*('5. Servicio Técnico (Envíos)'!$I$2:$I$301=""))>0,"Servicio Técnico",'1. Órdenes de Trabajo'!$H11)),"") -> Servicio Técnico | E19: =IF('1. Órdenes de Trabajo'!$J11="Abierto",'1. Órdenes de Trabajo'!$C11,"") -> Carlos Bahamondes Seguel | F19: =IF('1. Órdenes de Trabajo'!$J11="Abierto",'1. Órdenes de Trabajo'!$B11,"") -> 14-05-2026 | G19: =IFERROR(IF('1. Órdenes de Trabajo'!$J11="Abierto",IF('1. Órdenes de Trabajo'!$B11="","",TODAY()-IF(ISNUMBER('1. Órdenes de Trabajo'!$B11),'1. Órdenes de Trabajo'!$B11,DATE(VALUE(MID('1. Órdenes de Trabajo'!$B11,7,4)),VALUE(MID('1. Órdenes de Trabajo'!$B11,4,2)),VALUE(MID('1. Órdenes de Trabajo'!$B11,1,2))))),""),"") -> 35 | H19: =IF('1. Órdenes de Trabajo'!$J11="Abierto",'1. Órdenes de Trabajo'!$J11,"") -> Abierto
A20: =IF('1. Órdenes de Trabajo'!$J12="Abierto",'1. Órdenes de Trabajo'!$A12,"") -> 2026-121109-19-9887 | B20: =IF('1. Órdenes de Trabajo'!$J12="Abierto",'1. Órdenes de Trabajo'!$E12,"") -> Monitor Multiparámetros | C20: =IF('1. Órdenes de Trabajo'!$J12="Abierto",'1. Órdenes de Trabajo'!$I12,"") -> Pabellones Gineco-Obstétricos | D20: =IF('1. Órdenes de Trabajo'!$J12="Abierto",IF(COUNTIF('6. Bajas'!$A$2:$A$301,'1. Órdenes de Trabajo'!$A12)>0,"Baja",IF(SUMPRODUCT(('5. Servicio Técnico (Envíos)'!$A$2:$A$301='1. Órdenes de Trabajo'!$A12)*('5. Servicio Técnico (Envíos)'!$I$2:$I$301=""))>0,"Servicio Técnico",'1. Órdenes de Trabajo'!$H12)),"") -> Servicio Técnico | E20: =IF('1. Órdenes de Trabajo'!$J12="Abierto",'1. Órdenes de Trabajo'!$C12,"") -> Cristina Rozas Urrutia | F20: =IF('1. Órdenes de Trabajo'!$J12="Abierto",'1. Órdenes de Trabajo'!$B12,"") -> 28-05-2026 | G20: =IFERROR(IF('1. Órdenes de Trabajo'!$J12="Abierto",IF('1. Órdenes de Trabajo'!$B12="","",TODAY()-IF(ISNUMBER('1. Órdenes de Trabajo'!$B12),'1. Órdenes de Trabajo'!$B12,DATE(VALUE(MID('1. Órdenes de Trabajo'!$B12,7,4)),VALUE(MID('1. Órdenes de Trabajo'!$B12,4,2)),VALUE(MID('1. Órdenes de Trabajo'!$B12,1,2))))),""),"") -> 21 | H20: =IF('1. Órdenes de Trabajo'!$J12="Abierto",'1. Órdenes de Trabajo'!$J12,"") -> Abierto
A21: =IF('1. Órdenes de Trabajo'!$J13="Abierto",'1. Órdenes de Trabajo'!$A13,"") -> 2026-121109-19-10081 | B21: =IF('1. Órdenes de Trabajo'!$J13="Abierto",'1. Órdenes de Trabajo'!$E13,"") -> Máquina Diálisis | C21: =IF('1. Órdenes de Trabajo'!$J13="Abierto",'1. Órdenes de Trabajo'!$I13,"") -> UPC Adulto | D21: =IF('1. Órdenes de Trabajo'!$J13="Abierto",IF(COUNTIF('6. Bajas'!$A$2:$A$301,'1. Órdenes de Trabajo'!$A13)>0,"Baja",IF(SUMPRODUCT(('5. Servicio Técnico (Envíos)'!$A$2:$A$301='1. Órdenes de Trabajo'!$A13)*('5. Servicio Técnico (Envíos)'!$I$2:$I$301=""))>0,"Servicio Técnico",'1. Órdenes de Trabajo'!$H13)),"") -> No Operativo | E21: =IF('1. Órdenes de Trabajo'!$J13="Abierto",'1. Órdenes de Trabajo'!$C13,"") -> Cristián Beltrán Oviedo | F21: =IF('1. Órdenes de Trabajo'!$J13="Abierto",'1. Órdenes de Trabajo'!$B13,"") -> 01-06-2026 | G21: =IFERROR(IF('1. Órdenes de Trabajo'!$J13="Abierto",IF('1. Órdenes de Trabajo'!$B13="","",TODAY()-IF(ISNUMBER('1. Órdenes de Trabajo'!$B13),'1. Órdenes de Trabajo'!$B13,DATE(VALUE(MID('1. Órdenes de Trabajo'!$B13,7,4)),VALUE(MID('1. Órdenes de Trabajo'!$B13,4,2)),VALUE(MID('1. Órdenes de Trabajo'!$B13,1,2))))),""),"") -> 17 | H21: =IF('1. Órdenes de Trabajo'!$J13="Abierto",'1. Órdenes de Trabajo'!$J13,"") -> Abierto
... A89: =IF('1. Órdenes de Trabajo'!$J81="Abierto",'1. Órdenes de Trabajo'!$A81,"") | B89: =IF('1. Órdenes de Trabajo'!$J81="Abierto",'1. Órdenes de Trabajo'!$E81,"") | C89: =IF('1. Órdenes de Trabajo'!$J81="Abierto",'1. Órdenes de Trabajo'!$I81,"") | D89: =IF('1. Órdenes de Trabajo'!$J81="Abierto",IF(COUNTIF('6. Bajas'!$A$2:$A$301,'1. Órdenes de Trabajo'!$A81)>0,"Baja",IF(SUMPRODUCT(('5. Servicio Técnico (Envíos)'!$A$2:$A$301='1. Órdenes de Trabajo'!$A81)*('5. Servicio Técnico (Envíos)'!$I$2:$I$301=""))>0,"Servicio Técnico",'1. Órdenes de Trabajo'!$H81)),"") | E89: =IF('1. Órdenes de Trabajo'!$J81="Abierto",'1. Órdenes de Trabajo'!$C81,"") | F89: =IF('1. Órdenes de Trabajo'!$J81="Abierto",'1. Órdenes de Trabajo'!$B81,"") | G89: =IFERROR(IF('1. Órdenes de Trabajo'!$J81="Abierto",IF('1. Órdenes de Trabajo'!$B81="","",TODAY()-IF(ISNUMBER('1. Órdenes de Trabajo'!$B81),'1. Órdenes de Trabajo'!$B81,DATE(VALUE(MID('1. Órdenes de Trabajo'!$B81,7,4)),VALUE(MID('1. Órdenes de Trabajo'!$B81,4,2)),VALUE(MID('1. Órdenes de Trabajo'!$B81,1,2))))),""),"") | H89: =IF('1. Órdenes de Trabajo'!$J81="Abierto",'1. Órdenes de Trabajo'!$J81,"")
A91: Nota: el «Estado actual» se calcula así — si el equipo está en Bajas muestra «Baja»; si tiene un envío a servicio técnico sin retorno registrado muestra «Servicio Técnico»; en otro caso, el estado inicial de la OT. Solo se listan casos con evento «Abierto». Los días en rojo superan los 30.
A93: Pendientes documentales (equipo retornado/atendido, falta Reporte de Servicio)
A94: Incluye casos aunque la OT esté cerrada: el equipo opera, pero falta el respaldo documental para la carpeta física.
A95: Folio SIGEM | B95: Equipo | C95: Origen | D95: Empresa | E95: Resp. conseguir reporte | F95: Resp. administrativo | G95: Estado OT
A96: =IF('5. Servicio Técnico (Envíos)'!$M2="No",'5. Servicio Técnico (Envíos)'!$A2,"") -> 2025-121109-19-10024 | B96: =IF('5. Servicio Técnico (Envíos)'!$M2="No",IFERROR(VLOOKUP('5. Servicio Técnico (Envíos)'!$A2,'1. Órdenes de Trabajo'!$A$2:$E$301,5,FALSE()),""),"") -> Ventilador Mecánico | C96: =IF('5. Servicio Técnico (Envíos)'!$M2="No","Servicio técnico","") -> Servicio técnico | D96: =IF('5. Servicio Técnico (Envíos)'!$M2="No",'5. Servicio Técnico (Envíos)'!$E2,"") -> DRAGER CHILE LIMITADA | E96: =IF('5. Servicio Técnico (Envíos)'!$M2="No",'5. Servicio Técnico (Envíos)'!$N2,"") -> Ricardo Matus Aroca | F96: =IF('5. Servicio Técnico (Envíos)'!$M2="No",'5. Servicio Técnico (Envíos)'!$O2,"") -> Cristián Beltrán Oviedo | G96: =IF('5. Servicio Técnico (Envíos)'!$M2="No",IFERROR(VLOOKUP('5. Servicio Técnico (Envíos)'!$A2,'1. Órdenes de Trabajo'!$A$2:$J$301,10,FALSE()),""),"") -> Cerrado
A97: =IF('5. Servicio Técnico (Envíos)'!$M3="No",'5. Servicio Técnico (Envíos)'!$A3,"") | B97: =IF('5. Servicio Técnico (Envíos)'!$M3="No",IFERROR(VLOOKUP('5. Servicio Técnico (Envíos)'!$A3,'1. Órdenes de Trabajo'!$A$2:$E$301,5,FALSE()),""),"") | C97: =IF('5. Servicio Técnico (Envíos)'!$M3="No","Servicio técnico","") | D97: =IF('5. Servicio Técnico (Envíos)'!$M3="No",'5. Servicio Técnico (Envíos)'!$E3,"") | E97: =IF('5. Servicio Técnico (Envíos)'!$M3="No",'5. Servicio Técnico (Envíos)'!$N3,"") | F97: =IF('5. Servicio Técnico (Envíos)'!$M3="No",'5. Servicio Técnico (Envíos)'!$O3,"") | G97: =IF('5. Servicio Técnico (Envíos)'!$M3="No",IFERROR(VLOOKUP('5. Servicio Técnico (Envíos)'!$A3,'1. Órdenes de Trabajo'!$A$2:$J$301,10,FALSE()),""),"")
A98: =IF('5. Servicio Técnico (Envíos)'!$M4="No",'5. Servicio Técnico (Envíos)'!$A4,"") | B98: =IF('5. Servicio Técnico (Envíos)'!$M4="No",IFERROR(VLOOKUP('5. Servicio Técnico (Envíos)'!$A4,'1. Órdenes de Trabajo'!$A$2:$E$301,5,FALSE()),""),"") | C98: =IF('5. Servicio Técnico (Envíos)'!$M4="No","Servicio técnico","") | D98: =IF('5. Servicio Técnico (Envíos)'!$M4="No",'5. Servicio Técnico (Envíos)'!$E4,"") | E98: =IF('5. Servicio Técnico (Envíos)'!$M4="No",'5. Servicio Técnico (Envíos)'!$N4,"") | F98: =IF('5. Servicio Técnico (Envíos)'!$M4="No",'5. Servicio Técnico (Envíos)'!$O4,"") | G98: =IF('5. Servicio Técnico (Envíos)'!$M4="No",IFERROR(VLOOKUP('5. Servicio Técnico (Envíos)'!$A4,'1. Órdenes de Trabajo'!$A$2:$J$301,10,FALSE()),""),"")
A99: =IF('5. Servicio Técnico (Envíos)'!$M5="No",'5. Servicio Técnico (Envíos)'!$A5,"") | B99: =IF('5. Servicio Técnico (Envíos)'!$M5="No",IFERROR(VLOOKUP('5. Servicio Técnico (Envíos)'!$A5,'1. Órdenes de Trabajo'!$A$2:$E$301,5,FALSE()),""),"") | C99: =IF('5. Servicio Técnico (Envíos)'!$M5="No","Servicio técnico","") | D99: =IF('5. Servicio Técnico (Envíos)'!$M5="No",'5. Servicio Técnico (Envíos)'!$E5,"") | E99: =IF('5. Servicio Técnico (Envíos)'!$M5="No",'5. Servicio Técnico (Envíos)'!$N5,"") | F99: =IF('5. Servicio Técnico (Envíos)'!$M5="No",'5. Servicio Técnico (Envíos)'!$O5,"") | G99: =IF('5. Servicio Técnico (Envíos)'!$M5="No",IFERROR(VLOOKUP('5. Servicio Técnico (Envíos)'!$A5,'1. Órdenes de Trabajo'!$A$2:$J$301,10,FALSE()),""),"")
A100: =IF('5. Servicio Técnico (Envíos)'!$M6="No",'5. Servicio Técnico (Envíos)'!$A6,"") | B100: =IF('5. Servicio Técnico (Envíos)'!$M6="No",IFERROR(VLOOKUP('5. Servicio Técnico (Envíos)'!$A6,'1. Órdenes de Trabajo'!$A$2:$E$301,5,FALSE()),""),"") | C100: =IF('5. Servicio Técnico (Envíos)'!$M6="No","Servicio técnico","") | D100: =IF('5. Servicio Técnico (Envíos)'!$M6="No",'5. Servicio Técnico (Envíos)'!$E6,"") | E100: =IF('5. Servicio Técnico (Envíos)'!$M6="No",'5. Servicio Técnico (Envíos)'!$N6,"") | F100: =IF('5. Servicio Técnico (Envíos)'!$M6="No",'5. Servicio Técnico (Envíos)'!$O6,"") | G100: =IF('5. Servicio Técnico (Envíos)'!$M6="No",IFERROR(VLOOKUP('5. Servicio Técnico (Envíos)'!$A6,'1. Órdenes de Trabajo'!$A$2:$J$301,10,FALSE()),""),"")
A101: =IF('5. Servicio Técnico (Envíos)'!$M7="No",'5. Servicio Técnico (Envíos)'!$A7,"") | B101: =IF('5. Servicio Técnico (Envíos)'!$M7="No",IFERROR(VLOOKUP('5. Servicio Técnico (Envíos)'!$A7,'1. Órdenes de Trabajo'!$A$2:$E$301,5,FALSE()),""),"") | C101: =IF('5. Servicio Técnico (Envíos)'!$M7="No","Servicio técnico","") | D101: =IF('5. Servicio Técnico (Envíos)'!$M7="No",'5. Servicio Técnico (Envíos)'!$E7,"") | E101: =IF('5. Servicio Técnico (Envíos)'!$M7="No",'5. Servicio Técnico (Envíos)'!$N7,"") | F101: =IF('5. Servicio Técnico (Envíos)'!$M7="No",'5. Servicio Técnico (Envíos)'!$O7,"") | G101: =IF('5. Servicio Técnico (Envíos)'!$M7="No",IFERROR(VLOOKUP('5. Servicio Técnico (Envíos)'!$A7,'1. Órdenes de Trabajo'!$A$2:$J$301,10,FALSE()),""),"")
A102: =IF('5. Servicio Técnico (Envíos)'!$M8="No",'5. Servicio Técnico (Envíos)'!$A8,"") | B102: =IF('5. Servicio Técnico (Envíos)'!$M8="No",IFERROR(VLOOKUP('5. Servicio Técnico (Envíos)'!$A8,'1. Órdenes de Trabajo'!$A$2:$E$301,5,FALSE()),""),"") | C102: =IF('5. Servicio Técnico (Envíos)'!$M8="No","Servicio técnico","") | D102: =IF('5. Servicio Técnico (Envíos)'!$M8="No",'5. Servicio Técnico (Envíos)'!$E8,"") | E102: =IF('5. Servicio Técnico (Envíos)'!$M8="No",'5. Servicio Técnico (Envíos)'!$N8,"") | F102: =IF('5. Servicio Técnico (Envíos)'!$M8="No",'5. Servicio Técnico (Envíos)'!$O8,"") | G102: =IF('5. Servicio Técnico (Envíos)'!$M8="No",IFERROR(VLOOKUP('5. Servicio Técnico (Envíos)'!$A8,'1. Órdenes de Trabajo'!$A$2:$J$301,10,FALSE()),""),"")
A103: =IF('5. Servicio Técnico (Envíos)'!$M9="No",'5. Servicio Técnico (Envíos)'!$A9,"") | B103: =IF('5. Servicio Técnico (Envíos)'!$M9="No",IFERROR(VLOOKUP('5. Servicio Técnico (Envíos)'!$A9,'1. Órdenes de Trabajo'!$A$2:$E$301,5,FALSE()),""),"") | C103: =IF('5. Servicio Técnico (Envíos)'!$M9="No","Servicio técnico","") | D103: =IF('5. Servicio Técnico (Envíos)'!$M9="No",'5. Servicio Técnico (Envíos)'!$E9,"") | E103: =IF('5. Servicio Técnico (Envíos)'!$M9="No",'5. Servicio Técnico (Envíos)'!$N9,"") | F103: =IF('5. Servicio Técnico (Envíos)'!$M9="No",'5. Servicio Técnico (Envíos)'!$O9,"") | G103: =IF('5. Servicio Técnico (Envíos)'!$M9="No",IFERROR(VLOOKUP('5. Servicio Técnico (Envíos)'!$A9,'1. Órdenes de Trabajo'!$A$2:$J$301,10,FALSE()),""),"")
A104: =IF('5. Servicio Técnico (Envíos)'!$M10="No",'5. Servicio Técnico (Envíos)'!$A10,"") | B104: =IF('5. Servicio Técnico (Envíos)'!$M10="No",IFERROR(VLOOKUP('5. Servicio Técnico (Envíos)'!$A10,'1. Órdenes de Trabajo'!$A$2:$E$301,5,FALSE()),""),"") | C104: =IF('5. Servicio Técnico (Envíos)'!$M10="No","Servicio técnico","") | D104: =IF('5. Servicio Técnico (Envíos)'!$M10="No",'5. Servicio Técnico (Envíos)'!$E10,"") | E104: =IF('5. Servicio Técnico (Envíos)'!$M10="No",'5. Servicio Técnico (Envíos)'!$N10,"") | F104: =IF('5. Servicio Técnico (Envíos)'!$M10="No",'5. Servicio Técnico (Envíos)'!$O10,"") | G104: =IF('5. Servicio Técnico (Envíos)'!$M10="No",IFERROR(VLOOKUP('5. Servicio Técnico (Envíos)'!$A10,'1. Órdenes de Trabajo'!$A$2:$J$301,10,FALSE()),""),"")
A105: =IF('5. Servicio Técnico (Envíos)'!$M11="No",'5. Servicio Técnico (Envíos)'!$A11,"") | B105: =IF('5. Servicio Técnico (Envíos)'!$M11="No",IFERROR(VLOOKUP('5. Servicio Técnico (Envíos)'!$A11,'1. Órdenes de Trabajo'!$A$2:$E$301,5,FALSE()),""),"") | C105: =IF('5. Servicio Técnico (Envíos)'!$M11="No","Servicio técnico","") | D105: =IF('5. Servicio Técnico (Envíos)'!$M11="No",'5. Servicio Técnico (Envíos)'!$E11,"") | E105: =IF('5. Servicio Técnico (Envíos)'!$M11="No",'5. Servicio Técnico (Envíos)'!$N11,"") | F105: =IF('5. Servicio Técnico (Envíos)'!$M11="No",'5. Servicio Técnico (Envíos)'!$O11,"") | G105: =IF('5. Servicio Técnico (Envíos)'!$M11="No",IFERROR(VLOOKUP('5. Servicio Técnico (Envíos)'!$A11,'1. Órdenes de Trabajo'!$A$2:$J$301,10,FALSE()),""),"")
A106: =IF('5. Servicio Técnico (Envíos)'!$M12="No",'5. Servicio Técnico (Envíos)'!$A12,"") | B106: =IF('5. Servicio Técnico (Envíos)'!$M12="No",IFERROR(VLOOKUP('5. Servicio Técnico (Envíos)'!$A12,'1. Órdenes de Trabajo'!$A$2:$E$301,5,FALSE()),""),"") | C106: =IF('5. Servicio Técnico (Envíos)'!$M12="No","Servicio técnico","") | D106: =IF('5. Servicio Técnico (Envíos)'!$M12="No",'5. Servicio Técnico (Envíos)'!$E12,"") | E106: =IF('5. Servicio Técnico (Envíos)'!$M12="No",'5. Servicio Técnico (Envíos)'!$N12,"") | F106: =IF('5. Servicio Técnico (Envíos)'!$M12="No",'5. Servicio Técnico (Envíos)'!$O12,"") | G106: =IF('5. Servicio Técnico (Envíos)'!$M12="No",IFERROR(VLOOKUP('5. Servicio Técnico (Envíos)'!$A12,'1. Órdenes de Trabajo'!$A$2:$J$301,10,FALSE()),""),"")
A107: =IF('5. Servicio Técnico (Envíos)'!$M13="No",'5. Servicio Técnico (Envíos)'!$A13,"") | B107: =IF('5. Servicio Técnico (Envíos)'!$M13="No",IFERROR(VLOOKUP('5. Servicio Técnico (Envíos)'!$A13,'1. Órdenes de Trabajo'!$A$2:$E$301,5,FALSE()),""),"") | C107: =IF('5. Servicio Técnico (Envíos)'!$M13="No","Servicio técnico","") | D107: =IF('5. Servicio Técnico (Envíos)'!$M13="No",'5. Servicio Técnico (Envíos)'!$E13,"") | E107: =IF('5. Servicio Técnico (Envíos)'!$M13="No",'5. Servicio Técnico (Envíos)'!$N13,"") | F107: =IF('5. Servicio Técnico (Envíos)'!$M13="No",'5. Servicio Técnico (Envíos)'!$O13,"") | G107: =IF('5. Servicio Técnico (Envíos)'!$M13="No",IFERROR(VLOOKUP('5. Servicio Técnico (Envíos)'!$A13,'1. Órdenes de Trabajo'!$A$2:$J$301,10,FALSE()),""),"")
... A135: =IF('5. Servicio Técnico (Envíos)'!$M41="No",'5. Servicio Técnico (Envíos)'!$A41,"") | B135: =IF('5. Servicio Técnico (Envíos)'!$M41="No",IFERROR(VLOOKUP('5. Servicio Técnico (Envíos)'!$A41,'1. Órdenes de Trabajo'!$A$2:$E$301,5,FALSE()),""),"") | C135: =IF('5. Servicio Técnico (Envíos)'!$M41="No","Servicio técnico","") | D135: =IF('5. Servicio Técnico (Envíos)'!$M41="No",'5. Servicio Técnico (Envíos)'!$E41,"") | E135: =IF('5. Servicio Técnico (Envíos)'!$M41="No",'5. Servicio Técnico (Envíos)'!$N41,"") | F135: =IF('5. Servicio Técnico (Envíos)'!$M41="No",'5. Servicio Técnico (Envíos)'!$O41,"") | G135: =IF('5. Servicio Técnico (Envíos)'!$M41="No",IFERROR(VLOOKUP('5. Servicio Técnico (Envíos)'!$A41,'1. Órdenes de Trabajo'!$A$2:$J$301,10,FALSE()),""),"")
A136: =IF('4. Visitas Técnicas'!$L2="No",'4. Visitas Técnicas'!$A2,"") -> 2025-121109-19-10024 | B136: =IF('4. Visitas Técnicas'!$L2="No",IFERROR(VLOOKUP('4. Visitas Técnicas'!$A2,'1. Órdenes de Trabajo'!$A$2:$E$301,5,FALSE()),""),"") -> Ventilador Mecánico | C136: =IF('4. Visitas Técnicas'!$L2="No","Visita técnica","") -> Visita técnica | D136: =IF('4. Visitas Técnicas'!$L2="No",'4. Visitas Técnicas'!$C2,"") -> DRAGER CHILE LIMITADA | E136: =IF('4. Visitas Técnicas'!$L2="No",'4. Visitas Técnicas'!$M2,"") -> Ricardo Matus Aroca | F136: =IF('4. Visitas Técnicas'!$L2="No",'4. Visitas Técnicas'!$N2,"") -> Cristián Beltrán Oviedo | G136: =IF('4. Visitas Técnicas'!$L2="No",IFERROR(VLOOKUP('4. Visitas Técnicas'!$A2,'1. Órdenes de Trabajo'!$A$2:$J$301,10,FALSE()),""),"") -> Cerrado
A137: =IF('4. Visitas Técnicas'!$L3="No",'4. Visitas Técnicas'!$A3,"") | B137: =IF('4. Visitas Técnicas'!$L3="No",IFERROR(VLOOKUP('4. Visitas Técnicas'!$A3,'1. Órdenes de Trabajo'!$A$2:$E$301,5,FALSE()),""),"") | C137: =IF('4. Visitas Técnicas'!$L3="No","Visita técnica","") | D137: =IF('4. Visitas Técnicas'!$L3="No",'4. Visitas Técnicas'!$C3,"") | E137: =IF('4. Visitas Técnicas'!$L3="No",'4. Visitas Técnicas'!$M3,"") | F137: =IF('4. Visitas Técnicas'!$L3="No",'4. Visitas Técnicas'!$N3,"") | G137: =IF('4. Visitas Técnicas'!$L3="No",IFERROR(VLOOKUP('4. Visitas Técnicas'!$A3,'1. Órdenes de Trabajo'!$A$2:$J$301,10,FALSE()),""),"")
A138: =IF('4. Visitas Técnicas'!$L4="No",'4. Visitas Técnicas'!$A4,"") | B138: =IF('4. Visitas Técnicas'!$L4="No",IFERROR(VLOOKUP('4. Visitas Técnicas'!$A4,'1. Órdenes de Trabajo'!$A$2:$E$301,5,FALSE()),""),"") | C138: =IF('4. Visitas Técnicas'!$L4="No","Visita técnica","") | D138: =IF('4. Visitas Técnicas'!$L4="No",'4. Visitas Técnicas'!$C4,"") | E138: =IF('4. Visitas Técnicas'!$L4="No",'4. Visitas Técnicas'!$M4,"") | F138: =IF('4. Visitas Técnicas'!$L4="No",'4. Visitas Técnicas'!$N4,"") | G138: =IF('4. Visitas Técnicas'!$L4="No",IFERROR(VLOOKUP('4. Visitas Técnicas'!$A4,'1. Órdenes de Trabajo'!$A$2:$J$301,10,FALSE()),""),"")
A139: =IF('4. Visitas Técnicas'!$L5="No",'4. Visitas Técnicas'!$A5,"") | B139: =IF('4. Visitas Técnicas'!$L5="No",IFERROR(VLOOKUP('4. Visitas Técnicas'!$A5,'1. Órdenes de Trabajo'!$A$2:$E$301,5,FALSE()),""),"") | C139: =IF('4. Visitas Técnicas'!$L5="No","Visita técnica","") | D139: =IF('4. Visitas Técnicas'!$L5="No",'4. Visitas Técnicas'!$C5,"") | E139: =IF('4. Visitas Técnicas'!$L5="No",'4. Visitas Técnicas'!$M5,"") | F139: =IF('4. Visitas Técnicas'!$L5="No",'4. Visitas Técnicas'!$N5,"") | G139: =IF('4. Visitas Técnicas'!$L5="No",IFERROR(VLOOKUP('4. Visitas Técnicas'!$A5,'1. Órdenes de Trabajo'!$A$2:$J$301,10,FALSE()),""),"")
A140: =IF('4. Visitas Técnicas'!$L6="No",'4. Visitas Técnicas'!$A6,"") | B140: =IF('4. Visitas Técnicas'!$L6="No",IFERROR(VLOOKUP('4. Visitas Técnicas'!$A6,'1. Órdenes de Trabajo'!$A$2:$E$301,5,FALSE()),""),"") | C140: =IF('4. Visitas Técnicas'!$L6="No","Visita técnica","") | D140: =IF('4. Visitas Técnicas'!$L6="No",'4. Visitas Técnicas'!$C6,"") | E140: =IF('4. Visitas Técnicas'!$L6="No",'4. Visitas Técnicas'!$M6,"") | F140: =IF('4. Visitas Técnicas'!$L6="No",'4. Visitas Técnicas'!$N6,"") | G140: =IF('4. Visitas Técnicas'!$L6="No",IFERROR(VLOOKUP('4. Visitas Técnicas'!$A6,'1. Órdenes de Trabajo'!$A$2:$J$301,10,FALSE()),""),"")
A141: =IF('4. Visitas Técnicas'!$L7="No",'4. Visitas Técnicas'!$A7,"") | B141: =IF('4. Visitas Técnicas'!$L7="No",IFERROR(VLOOKUP('4. Visitas Técnicas'!$A7,'1. Órdenes de Trabajo'!$A$2:$E$301,5,FALSE()),""),"") | C141: =IF('4. Visitas Técnicas'!$L7="No","Visita técnica","") | D141: =IF('4. Visitas Técnicas'!$L7="No",'4. Visitas Técnicas'!$C7,"") | E141: =IF('4. Visitas Técnicas'!$L7="No",'4. Visitas Técnicas'!$M7,"") | F141: =IF('4. Visitas Técnicas'!$L7="No",'4. Visitas Técnicas'!$N7,"") | G141: =IF('4. Visitas Técnicas'!$L7="No",IFERROR(VLOOKUP('4. Visitas Técnicas'!$A7,'1. Órdenes de Trabajo'!$A$2:$J$301,10,FALSE()),""),"")
A142: =IF('4. Visitas Técnicas'!$L8="No",'4. Visitas Técnicas'!$A8,"") | B142: =IF('4. Visitas Técnicas'!$L8="No",IFERROR(VLOOKUP('4. Visitas Técnicas'!$A8,'1. Órdenes de Trabajo'!$A$2:$E$301,5,FALSE()),""),"") | C142: =IF('4. Visitas Técnicas'!$L8="No","Visita técnica","") | D142: =IF('4. Visitas Técnicas'!$L8="No",'4. Visitas Técnicas'!$C8,"") | E142: =IF('4. Visitas Técnicas'!$L8="No",'4. Visitas Técnicas'!$M8,"") | F142: =IF('4. Visitas Técnicas'!$L8="No",'4. Visitas Técnicas'!$N8,"") | G142: =IF('4. Visitas Técnicas'!$L8="No",IFERROR(VLOOKUP('4. Visitas Técnicas'!$A8,'1. Órdenes de Trabajo'!$A$2:$J$301,10,FALSE()),""),"")
A143: =IF('4. Visitas Técnicas'!$L9="No",'4. Visitas Técnicas'!$A9,"") | B143: =IF('4. Visitas Técnicas'!$L9="No",IFERROR(VLOOKUP('4. Visitas Técnicas'!$A9,'1. Órdenes de Trabajo'!$A$2:$E$301,5,FALSE()),""),"") | C143: =IF('4. Visitas Técnicas'!$L9="No","Visita técnica","") | D143: =IF('4. Visitas Técnicas'!$L9="No",'4. Visitas Técnicas'!$C9,"") | E143: =IF('4. Visitas Técnicas'!$L9="No",'4. Visitas Técnicas'!$M9,"") | F143: =IF('4. Visitas Técnicas'!$L9="No",'4. Visitas Técnicas'!$N9,"") | G143: =IF('4. Visitas Técnicas'!$L9="No",IFERROR(VLOOKUP('4. Visitas Técnicas'!$A9,'1. Órdenes de Trabajo'!$A$2:$J$301,10,FALSE()),""),"")
A144: =IF('4. Visitas Técnicas'!$L10="No",'4. Visitas Técnicas'!$A10,"") | B144: =IF('4. Visitas Técnicas'!$L10="No",IFERROR(VLOOKUP('4. Visitas Técnicas'!$A10,'1. Órdenes de Trabajo'!$A$2:$E$301,5,FALSE()),""),"") | C144: =IF('4. Visitas Técnicas'!$L10="No","Visita técnica","") | D144: =IF('4. Visitas Técnicas'!$L10="No",'4. Visitas Técnicas'!$C10,"") | E144: =IF('4. Visitas Técnicas'!$L10="No",'4. Visitas Técnicas'!$M10,"") | F144: =IF('4. Visitas Técnicas'!$L10="No",'4. Visitas Técnicas'!$N10,"") | G144: =IF('4. Visitas Técnicas'!$L10="No",IFERROR(VLOOKUP('4. Visitas Técnicas'!$A10,'1. Órdenes de Trabajo'!$A$2:$J$301,10,FALSE()),""),"")
A145: =IF('4. Visitas Técnicas'!$L11="No",'4. Visitas Técnicas'!$A11,"") | B145: =IF('4. Visitas Técnicas'!$L11="No",IFERROR(VLOOKUP('4. Visitas Técnicas'!$A11,'1. Órdenes de Trabajo'!$A$2:$E$301,5,FALSE()),""),"") | C145: =IF('4. Visitas Técnicas'!$L11="No","Visita técnica","") | D145: =IF('4. Visitas Técnicas'!$L11="No",'4. Visitas Técnicas'!$C11,"") | E145: =IF('4. Visitas Técnicas'!$L11="No",'4. Visitas Técnicas'!$M11,"") | F145: =IF('4. Visitas Técnicas'!$L11="No",'4. Visitas Técnicas'!$N11,"") | G145: =IF('4. Visitas Técnicas'!$L11="No",IFERROR(VLOOKUP('4. Visitas Técnicas'!$A11,'1. Órdenes de Trabajo'!$A$2:$J$301,10,FALSE()),""),"")
A146: =IF('4. Visitas Técnicas'!$L12="No",'4. Visitas Técnicas'!$A12,"") | B146: =IF('4. Visitas Técnicas'!$L12="No",IFERROR(VLOOKUP('4. Visitas Técnicas'!$A12,'1. Órdenes de Trabajo'!$A$2:$E$301,5,FALSE()),""),"") | C146: =IF('4. Visitas Técnicas'!$L12="No","Visita técnica","") | D146: =IF('4. Visitas Técnicas'!$L12="No",'4. Visitas Técnicas'!$C12,"") | E146: =IF('4. Visitas Técnicas'!$L12="No",'4. Visitas Técnicas'!$M12,"") | F146: =IF('4. Visitas Técnicas'!$L12="No",'4. Visitas Técnicas'!$N12,"") | G146: =IF('4. Visitas Técnicas'!$L12="No",IFERROR(VLOOKUP('4. Visitas Técnicas'!$A12,'1. Órdenes de Trabajo'!$A$2:$J$301,10,FALSE()),""),"")
A147: =IF('4. Visitas Técnicas'!$L13="No",'4. Visitas Técnicas'!$A13,"") | B147: =IF('4. Visitas Técnicas'!$L13="No",IFERROR(VLOOKUP('4. Visitas Técnicas'!$A13,'1. Órdenes de Trabajo'!$A$2:$E$301,5,FALSE()),""),"") | C147: =IF('4. Visitas Técnicas'!$L13="No","Visita técnica","") | D147: =IF('4. Visitas Técnicas'!$L13="No",'4. Visitas Técnicas'!$C13,"") | E147: =IF('4. Visitas Técnicas'!$L13="No",'4. Visitas Técnicas'!$M13,"") | F147: =IF('4. Visitas Técnicas'!$L13="No",'4. Visitas Técnicas'!$N13,"") | G147: =IF('4. Visitas Técnicas'!$L13="No",IFERROR(VLOOKUP('4. Visitas Técnicas'!$A13,'1. Órdenes de Trabajo'!$A$2:$J$301,10,FALSE()),""),"")
... A175: =IF('4. Visitas Técnicas'!$L41="No",'4. Visitas Técnicas'!$A41,"") | B175: =IF('4. Visitas Técnicas'!$L41="No",IFERROR(VLOOKUP('4. Visitas Técnicas'!$A41,'1. Órdenes de Trabajo'!$A$2:$E$301,5,FALSE()),""),"") | C175: =IF('4. Visitas Técnicas'!$L41="No","Visita técnica","") | D175: =IF('4. Visitas Técnicas'!$L41="No",'4. Visitas Técnicas'!$C41,"") | E175: =IF('4. Visitas Técnicas'!$L41="No",'4. Visitas Técnicas'!$M41,"") | F175: =IF('4. Visitas Técnicas'!$L41="No",'4. Visitas Técnicas'!$N41,"") | G175: =IF('4. Visitas Técnicas'!$L41="No",IFERROR(VLOOKUP('4. Visitas Técnicas'!$A41,'1. Órdenes de Trabajo'!$A$2:$J$301,10,FALSE()),""),"")
A184: Mantención preventiva 2026 — avance del programa
A185: Resumen anual del preventivo. El detalle por mes y por equipo está en la hoja MP Carta 2026.
A186: Programadas | B186: Ejecutadas | C186: Pendientes | D186: Atrasadas | E186: % avance
A187: =SUM('MP Carta 2026'!$U$4:$U$969) -> 1258 | B187: =SUM('MP Carta 2026'!$V$4:$V$969) -> 784 | C187: =SUM('MP Carta 2026'!$W$4:$W$969) -> 164 | D187: =SUM('MP Carta 2026'!$Y$4:$Y$969) -> 164 | E187: =IFERROR(SUM('MP Carta 2026'!$V$4:$V$969)/SUM('MP Carta 2026'!$U$4:$U$969),"") -> 0.62321145

Sheet MP Carta 2026
A1: Programa de Mantención Preventiva 2026 — Carta de ejecución
A2: Un equipo por fila (los 966 de la base). Marca el código del mes en cada celda: X programada · E ejecutada · C2/C3 no ejecutada por falla · R reprogramada · B baja. La identidad del equipo se hereda de la hoja Equipos.
A3: N° Inventario | B3: Equipo | C3: Servicio | D3: Ubicación | E3: Marca | F3: Modelo | G3: Serie | H3: Periodicidad | I3: Ene | J3: Feb | K3: Mar | L3: Abr | M3: May | N3: Jun | O3: Jul | P3: Ago | Q3: Sep | R3: Oct | S3: Nov | T3: Dic | U3: Programadas | V3: Ejecutadas | W3: Pendientes | X3: x Correctivo | Y3: Atrasadas | Z3: % avance
A4: =Equipos!C2 -> 2-115361 | B4: =Equipos!D2 -> Incubadora | C4: =Equipos!E2 -> Neonatología | D4: =Equipos!G2 -> UTI 1/2 | E4: =Equipos!I2 -> DRAGER | F4: =Equipos!J2 -> CALEO | G4: =Equipos!K2 -> ASJL-0008 | J4: E | M4: E | U4: =V4+W4+X4+COUNTIF(I4:T4,"R") -> 2 | V4: =COUNTIF(I4:T4,"E") -> 2 | W4: =COUNTIF(I4:T4,"X") -> 0 | X4: =COUNTIF(I4:T4,"C2")+COUNTIF(I4:T4,"C3") -> 0 | Y4: =SUMPRODUCT((I4:INDEX(I4:T4,MONTH(TODAY()))="X")*1) -> 0 | Z4: =IFERROR(V4/U4,"") -> 1
A5: =Equipos!C3 -> 2-116070 | B5: =Equipos!D3 -> Incubadora | C5: =Equipos!E3 -> Neonatología | D5: =Equipos!G3 -> SALA EQUIPOS | E5: =Equipos!I3 -> GENERAL ELECTRIC | F5: =Equipos!J3 -> GIRAFFE OMNIBED CARESTATION | G5: =Equipos!K3 -> TABX62307 | J5: E | M5: E | U5: =V5+W5+X5+COUNTIF(I5:T5,"R") -> 2 | V5: =COUNTIF(I5:T5,"E") -> 2 | W5: =COUNTIF(I5:T5,"X") -> 0 | X5: =COUNTIF(I5:T5,"C2")+COUNTIF(I5:T5,"C3") -> 0 | Y5: =SUMPRODUCT((I5:INDEX(I5:T5,MONTH(TODAY()))="X")*1) -> 0 | Z5: =IFERROR(V5/U5,"") -> 1
A6: =Equipos!C4 -> 2-116071 | B6: =Equipos!D4 -> Incubadora | C6: =Equipos!E4 -> Neonatología | D6: =Equipos!G4 -> UCI 16 | E6: =Equipos!I4 -> GENERAL ELECTRIC | F6: =Equipos!J4 -> GIRAFFE OMNIBED CARESTATION | G6: =Equipos!K4 -> TABX62308 | J6: E | M6: E | U6: =V6+W6+X6+COUNTIF(I6:T6,"R") -> 2 | V6: =COUNTIF(I6:T6,"E") -> 2 | W6: =COUNTIF(I6:T6,"X") -> 0 | X6: =COUNTIF(I6:T6,"C2")+COUNTIF(I6:T6,"C3") -> 0 | Y6: =SUMPRODUCT((I6:INDEX(I6:T6,MONTH(TODAY()))="X")*1) -> 0 | Z6: =IFERROR(V6/U6,"") -> 1
A7: =Equipos!C5 -> 2-116018 | B7: =Equipos!D5 -> Incubadora | C7: =Equipos!E5 -> Neonatología | D7: =Equipos!G5 -> UTI 1/4 | E7: =Equipos!I5 -> DRAGER | F7: =Equipos!J5 -> CALEO | G7: =Equipos!K5 -> ASHM-0118 | J7: E | M7: E | N7: E | U7: =V7+W7+X7+COUNTIF(I7:T7,"R") -> 3 | V7: =COUNTIF(I7:T7,"E") -> 3 | W7: =COUNTIF(I7:T7,"X") -> 0 | X7: =COUNTIF(I7:T7,"C2")+COUNTIF(I7:T7,"C3") -> 0 | Y7: =SUMPRODUCT((I7:INDEX(I7:T7,MONTH(TODAY()))="X")*1) -> 0 | Z7: =IFERROR(V7/U7,"") -> 1
A8: =Equipos!C6 -> 2-116072 | B8: =Equipos!D6 -> Incubadora | C8: =Equipos!E6 -> Neonatología | D8: =Equipos!G6 -> UCI 4 | E8: =Equipos!I6 -> GENERAL ELECTRIC | F8: =Equipos!J6 -> GIRAFFE OMNIBED CARESTATION | G8: =Equipos!K6 -> TABX62309 | J8: E | M8: X | U8: =V8+W8+X8+COUNTIF(I8:T8,"R") -> 2 | V8: =COUNTIF(I8:T8,"E") -> 1 | W8: =COUNTIF(I8:T8,"X") -> 1 | X8: =COUNTIF(I8:T8,"C2")+COUNTIF(I8:T8,"C3") -> 0 | Y8: =SUMPRODUCT((I8:INDEX(I8:T8,MONTH(TODAY()))="X")*1) -> 1 | Z8: =IFERROR(V8/U8,"") -> 0.5
A9: =Equipos!C7 -> 0 | B9: =Equipos!D7 -> 0 | C9: =Equipos!E7 -> 0 | D9: =Equipos!G7 -> 0 | E9: =Equipos!I7 -> 0 | F9: =Equipos!J7 -> 0 | G9: =Equipos!K7 -> 0 | U9: =V9+W9+X9+COUNTIF(I9:T9,"R") -> 0 | V9: =COUNTIF(I9:T9,"E") -> 0 | W9: =COUNTIF(I9:T9,"X") -> 0 | X9: =COUNTIF(I9:T9,"C2")+COUNTIF(I9:T9,"C3") -> 0 | Y9: =SUMPRODUCT((I9:INDEX(I9:T9,MONTH(TODAY()))="X")*1) -> 0 | Z9: =IFERROR(V9/U9,"")
A10: =Equipos!C8 -> 2-022133 | B10: =Equipos!D8 -> Incubadora | C10: =Equipos!E8 -> Neonatología | D10: =Equipos!G8 -> Pasillo | E10: =Equipos!I8 -> HILL-ROM | F10: =Equipos!J8 -> TI500 | G10: =Equipos!K8 -> VD03887 | J10: E | M10: E | U10: =V10+W10+X10+COUNTIF(I10:T10,"R") -> 2 | V10: =COUNTIF(I10:T10,"E") -> 2 | W10: =COUNTIF(I10:T10,"X") -> 0 | X10: =COUNTIF(I10:T10,"C2")+COUNTIF(I10:T10,"C3") -> 0 | Y10: =SUMPRODUCT((I10:INDEX(I10:T10,MONTH(TODAY()))="X")*1) -> 0 | Z10: =IFERROR(V10/U10,"") -> 1
A11: =Equipos!C9 -> 2-116019 | B11: =Equipos!D9 -> Incubadora | C11: =Equipos!E9 -> Neonatología | D11: =Equipos!G9 -> UCI 2 | E11: =Equipos!I9 -> DRAGER | F11: =Equipos!J9 -> CALEO | G11: =Equipos!K9 -> ASLB-0016 | J11: E | M11: E | U11: =V11+W11+X11+COUNTIF(I11:T11,"R") -> 2 | V11: =COUNTIF(I11:T11,"E") -> 2 | W11: =COUNTIF(I11:T11,"X") -> 0 | X11: =COUNTIF(I11:T11,"C2")+COUNTIF(I11:T11,"C3") -> 0 | Y11: =SUMPRODUCT((I11:INDEX(I11:T11,MONTH(TODAY()))="X")*1) -> 0 | Z11: =IFERROR(V11/U11,"") -> 1
A12: =Equipos!C10 -> 2-116073 | B12: =Equipos!D10 -> Incubadora | C12: =Equipos!E10 -> Neonatología | D12: =Equipos!G10 -> UTI 2/6 | E12: =Equipos!I10 -> GENERAL ELECTRIC | F12: =Equipos!J10 -> GIRAFFE OMNIBED CARESTATION | G12: =Equipos!K10 -> TABX62310 | J12: E | M12: X | U12: =V12+W12+X12+COUNTIF(I12:T12,"R") -> 2 | V12: =COUNTIF(I12:T12,"E") -> 1 | W12: =COUNTIF(I12:T12,"X") -> 1 | X12: =COUNTIF(I12:T12,"C2")+COUNTIF(I12:T12,"C3") -> 0 | Y12: =SUMPRODUCT((I12:INDEX(I12:T12,MONTH(TODAY()))="X")*1) -> 1 | Z12: =IFERROR(V12/U12,"") -> 0.5
A13: =Equipos!C11 -> 0 | B13: =Equipos!D11 -> 0 | C13: =Equipos!E11 -> 0 | D13: =Equipos!G11 -> 0 | E13: =Equipos!I11 -> 0 | F13: =Equipos!J11 -> 0 | G13: =Equipos!K11 -> 0 | U13: =V13+W13+X13+COUNTIF(I13:T13,"R") -> 0 | V13: =COUNTIF(I13:T13,"E") -> 0 | W13: =COUNTIF(I13:T13,"X") -> 0 | X13: =COUNTIF(I13:T13,"C2")+COUNTIF(I13:T13,"C3") -> 0 | Y13: =SUMPRODUCT((I13:INDEX(I13:T13,MONTH(TODAY()))="X")*1) -> 0 | Z13: =IFERROR(V13/U13,"")
A14: =Equipos!C12 -> 2-125347 | B14: =Equipos!D12 -> Incubadora | C14: =Equipos!E12 -> SAMU | D14: =Equipos!G12 -> Base 1 | E14: =Equipos!I12 -> ATOM | F14: =Equipos!J12 -> INCU ARCH | G14: =Equipos!K12 -> 621012300012 | J14: E | M14: X | U14: =V14+W14+X14+COUNTIF(I14:T14,"R") -> 2 | V14: =COUNTIF(I14:T14,"E") -> 1 | W14: =COUNTIF(I14:T14,"X") -> 1 | X14: =COUNTIF(I14:T14,"C2")+COUNTIF(I14:T14,"C3") -> 0 | Y14: =SUMPRODUCT((I14:INDEX(I14:T14,MONTH(TODAY()))="X")*1) -> 1 | Z14: =IFERROR(V14/U14,"") -> 0.5
A15: =Equipos!C13 -> 0 | B15: =Equipos!D13 -> 0 | C15: =Equipos!E13 -> 0 | D15: =Equipos!G13 -> 0 | E15: =Equipos!I13 -> 0 | F15: =Equipos!J13 -> 0 | G15: =Equipos!K13 -> 0 | U15: =V15+W15+X15+COUNTIF(I15:T15,"R") -> 0 | V15: =COUNTIF(I15:T15,"E") -> 0 | W15: =COUNTIF(I15:T15,"X") -> 0 | X15: =COUNTIF(I15:T15,"C2")+COUNTIF(I15:T15,"C3") -> 0 | Y15: =SUMPRODUCT((I15:INDEX(I15:T15,MONTH(TODAY()))="X")*1) -> 0 | Z15: =IFERROR(V15/U15,"")
A16: =Equipos!C14 -> 0 | B16: =Equipos!D14 -> 0 | C16: =Equipos!E14 -> 0 | D16: =Equipos!G14 -> 0 | E16: =Equipos!I14 -> 0 | F16: =Equipos!J14 -> 0 | G16: =Equipos!K14 -> 0 | U16: =V16+W16+X16+COUNTIF(I16:T16,"R") -> 0 | V16: =COUNTIF(I16:T16,"E") -> 0 | W16: =COUNTIF(I16:T16,"X") -> 0 | X16: =COUNTIF(I16:T16,"C2")+COUNTIF(I16:T16,"C3") -> 0 | Y16: =SUMPRODUCT((I16:INDEX(I16:T16,MONTH(TODAY()))="X")*1) -> 0 | Z16: =IFERROR(V16/U16,"")
A17: =Equipos!C15 -> 0 | B17: =Equipos!D15 -> 0 | C17: =Equipos!E15 -> 0 | D17: =Equipos!G15 -> 0 | E17: =Equipos!I15 -> 0 | F17: =Equipos!J15 -> 0 | G17: =Equipos!K15 -> 0 | U17: =V17+W17+X17+COUNTIF(I17:T17,"R") -> 0 | V17: =COUNTIF(I17:T17,"E") -> 0 | W17: =COUNTIF(I17:T17,"X") -> 0 | X17: =COUNTIF(I17:T17,"C2")+COUNTIF(I17:T17,"C3") -> 0 | Y17: =SUMPRODUCT((I17:INDEX(I17:T17,MONTH(TODAY()))="X")*1) -> 0 | Z17: =IFERROR(V17/U17,"")
A18: =Equipos!C16 -> 0 | B18: =Equipos!D16 -> 0 | C18: =Equipos!E16 -> 0 | D18: =Equipos!G16 -> 0 | E18: =Equipos!I16 -> 0 | F18: =Equipos!J16 -> 0 | G18: =Equipos!K16 -> 0 | U18: =V18+W18+X18+COUNTIF(I18:T18,"R") -> 0 | V18: =COUNTIF(I18:T18,"E") -> 0 | W18: =COUNTIF(I18:T18,"X") -> 0 | X18: =COUNTIF(I18:T18,"C2")+COUNTIF(I18:T18,"C3") -> 0 | Y18: =SUMPRODUCT((I18:INDEX(I18:T18,MONTH(TODAY()))="X")*1) -> 0 | Z18: =IFERROR(V18/U18,"")
A19: =Equipos!C17 -> 2-116024 | B19: =Equipos!D17 -> Incubadora | C19: =Equipos!E17 -> Neonatología | D19: =Equipos!G17 -> UTI 3/3 | E19: =Equipos!I17 -> DRAGER | F19: =Equipos!J17 -> CALEO | G19: =Equipos!K17 -> ASLB-0009 | J19: E | M19: E | U19: =V19+W19+X19+COUNTIF(I19:T19,"R") -> 2 | V19: =COUNTIF(I19:T19,"E") -> 2 | W19: =COUNTIF(I19:T19,"X") -> 0 | X19: =COUNTIF(I19:T19,"C2")+COUNTIF(I19:T19,"C3") -> 0 | Y19: =SUMPRODUCT((I19:INDEX(I19:T19,MONTH(TODAY()))="X")*1) -> 0 | Z19: =IFERROR(V19/U19,"") -> 1
A20: =Equipos!C18 -> 0 | B20: =Equipos!D18 -> 0 | C20: =Equipos!E18 -> 0 | D20: =Equipos!G18 -> 0 | E20: =Equipos!I18 -> 0 | F20: =Equipos!J18 -> 0 | G20: =Equipos!K18 -> 0 | U20: =V20+W20+X20+COUNTIF(I20:T20,"R") -> 0 | V20: =COUNTIF(I20:T20,"E") -> 0 | W20: =COUNTIF(I20:T20,"X") -> 0 | X20: =COUNTIF(I20:T20,"C2")+COUNTIF(I20:T20,"C3") -> 0 | Y20: =SUMPRODUCT((I20:INDEX(I20:T20,MONTH(TODAY()))="X")*1) -> 0 | Z20: =IFERROR(V20/U20,"")
A21: =Equipos!C19 -> 2-112137 | B21: =Equipos!D19 -> Incubadora | C21: =Equipos!E19 -> Neonatología | D21: =Equipos!G19 -> UTI 1/6 | E21: =Equipos!I19 -> DRAGER | F21: =Equipos!J19 -> CALEO | G21: =Equipos!K19 -> ASDA-0012 | J21: E | M21: E | U21: =V21+W21+X21+COUNTIF(I21:T21,"R") -> 2 | V21: =COUNTIF(I21:T21,"E") -> 2 | W21: =COUNTIF(I21:T21,"X") -> 0 | X21: =COUNTIF(I21:T21,"C2")+COUNTIF(I21:T21,"C3") -> 0 | Y21: =SUMPRODUCT((I21:INDEX(I21:T21,MONTH(TODAY()))="X")*1) -> 0 | Z21: =IFERROR(V21/U21,"") -> 1
A22: =Equipos!C20 -> 2-016566 | B22: =Equipos!D20 -> Incubadora | C22: =Equipos!E20 -> Neonatología | D22: =Equipos!G20 -> UCI 6 | E22: =Equipos!I20 -> DRAGER | F22: =Equipos!J20 -> CALEO | G22: =Equipos!K20 -> ASDA-0009 | J22: E | M22: E | U22: =V22+W22+X22+COUNTIF(I22:T22,"R") -> 2 | V22: =COUNTIF(I22:T22,"E") -> 2 | W22: =COUNTIF(I22:T22,"X") -> 0 | X22: =COUNTIF(I22:T22,"C2")+COUNTIF(I22:T22,"C3") -> 0 | Y22: =SUMPRODUCT((I22:INDEX(I22:T22,MONTH(TODAY()))="X")*1) -> 0 | Z22: =IFERROR(V22/U22,"") -> 1
A23: =Equipos!C21 -> 2-112138 | B23: =Equipos!D21 -> Incubadora | C23: =Equipos!E21 -> Neonatología | D23: =Equipos!G21 -> UCI 13 | E23: =Equipos!I21 -> DRAGER | F23: =Equipos!J21 -> CALEO | G23: =Equipos!K21 -> ASDA-0010 | J23: E | M23: E | U23: =V23+W23+X23+COUNTIF(I23:T23,"R") -> 2 | V23: =COUNTIF(I23:T23,"E") -> 2 | W23: =COUNTIF(I23:T23,"X") -> 0 | X23: =COUNTIF(I23:T23,"C2")+COUNTIF(I23:T23,"C3") -> 0 | Y23: =SUMPRODUCT((I23:INDEX(I23:T23,MONTH(TODAY()))="X")*1) -> 0 | Z23: =IFERROR(V23/U23,"") -> 1
A24: =Equipos!C22 -> 2-112141 | B24: =Equipos!D22 -> Incubadora | C24: =Equipos!E22 -> Neonatología | D24: =Equipos!G22 -> UTI 4/2 | E24: =Equipos!I22 -> DRAGER | F24: =Equipos!J22 -> CALEO | G24: =Equipos!K22 -> ASDA-0011 | J24: E | M24: E | U24: =V24+W24+X24+COUNTIF(I24:T24,"R") -> 2 | V24: =COUNTIF(I24:T24,"E") -> 2 | W24: =COUNTIF(I24:T24,"X") -> 0 | X24: =COUNTIF(I24:T24,"C2")+COUNTIF(I24:T24,"C3") -> 0 | Y24: =SUMPRODUCT((I24:INDEX(I24:T24,MONTH(TODAY()))="X")*1) -> 0 | Z24: =IFERROR(V24/U24,"") -> 1
A25: =Equipos!C23 -> 0 | B25: =Equipos!D23 -> 0 | C25: =Equipos!E23 -> 0 | D25: =Equipos!G23 -> 0 | E25: =Equipos!I23 -> 0 | F25: =Equipos!J23 -> 0 | G25: =Equipos!K23 -> 0 | U25: =V25+W25+X25+COUNTIF(I25:T25,"R") -> 0 | V25: =COUNTIF(I25:T25,"E") -> 0 | W25: =COUNTIF(I25:T25,"X") -> 0 | X25: =COUNTIF(I25:T25,"C2")+COUNTIF(I25:T25,"C3") -> 0 | Y25: =SUMPRODUCT((I25:INDEX(I25:T25,MONTH(TODAY()))="X")*1) -> 0 | Z25: =IFERROR(V25/U25,"")
A26: =Equipos!C24 -> 0 | B26: =Equipos!D24 -> 0 | C26: =Equipos!E24 -> 0 | D26: =Equipos!G24 -> 0 | E26: =Equipos!I24 -> 0 | F26: =Equipos!J24 -> 0 | G26: =Equipos!K24 -> 0 | U26: =V26+W26+X26+COUNTIF(I26:T26,"R") -> 0 | V26: =COUNTIF(I26:T26,"E") -> 0 | W26: =COUNTIF(I26:T26,"X") -> 0 | X26: =COUNTIF(I26:T26,"C2")+COUNTIF(I26:T26,"C3") -> 0 | Y26: =SUMPRODUCT((I26:INDEX(I26:T26,MONTH(TODAY()))="X")*1) -> 0 | Z26: =IFERROR(V26/U26,"")
A27: =Equipos!C25 -> 2-116025 | B27: =Equipos!D25 -> Incubadora | C27: =Equipos!E25 -> Neonatología | D27: =Equipos!G25 -> UCI 5 | E27: =Equipos!I25 -> DRAGER | F27: =Equipos!J25 -> CALEO | G27: =Equipos!K25 -> ASLB-0010 | J27: R | K27: E | M27: E | U27: =V27+W27+X27+COUNTIF(I27:T27,"R") -> 3 | V27: =COUNTIF(I27:T27,"E") -> 2 | W27: =COUNTIF(I27:T27,"X") -> 0 | X27: =COUNTIF(I27:T27,"C2")+COUNTIF(I27:T27,"C3") -> 0 | Y27: =SUMPRODUCT((I27:INDEX(I27:T27,MONTH(TODAY()))="X")*1) -> 0 | Z27: =IFERROR(V27/U27,"") -> 0.66666667
A28: =Equipos!C26 -> 0 | B28: =Equipos!D26 -> 0 | C28: =Equipos!E26 -> 0 | D28: =Equipos!G26 -> 0 | E28: =Equipos!I26 -> 0 | F28: =Equipos!J26 -> 0 | G28: =Equipos!K26 -> 0 | U28: =V28+W28+X28+COUNTIF(I28:T28,"R") -> 0 | V28: =COUNTIF(I28:T28,"E") -> 0 | W28: =COUNTIF(I28:T28,"X") -> 0 | X28: =COUNTIF(I28:T28,"C2")+COUNTIF(I28:T28,"C3") -> 0 | Y28: =SUMPRODUCT((I28:INDEX(I28:T28,MONTH(TODAY()))="X")*1) -> 0 | Z28: =IFERROR(V28/U28,"")
A29: =Equipos!C27 -> 0 | B29: =Equipos!D27 -> 0 | C29: =Equipos!E27 -> 0 | D29: =Equipos!G27 -> 0 | E29: =Equipos!I27 -> 0 | F29: =Equipos!J27 -> 0 | G29: =Equipos!K27 -> 0 | U29: =V29+W29+X29+COUNTIF(I29:T29,"R") -> 0 | V29: =COUNTIF(I29:T29,"E") -> 0 | W29: =COUNTIF(I29:T29,"X") -> 0 | X29: =COUNTIF(I29:T29,"C2")+COUNTIF(I29:T29,"C3") -> 0 | Y29: =SUMPRODUCT((I29:INDEX(I29:T29,MONTH(TODAY()))="X")*1) -> 0 | Z29: =IFERROR(V29/U29,"")
A30: =Equipos!C28 -> 0 | B30: =Equipos!D28 -> 0 | C30: =Equipos!E28 -> 0 | D30: =Equipos!G28 -> 0 | E30: =Equipos!I28 -> 0 | F30: =Equipos!J28 -> 0 | G30: =Equipos!K28 -> 0 | U30: =V30+W30+X30+COUNTIF(I30:T30,"R") -> 0 | V30: =COUNTIF(I30:T30,"E") -> 0 | W30: =COUNTIF(I30:T30,"X") -> 0 | X30: =COUNTIF(I30:T30,"C2")+COUNTIF(I30:T30,"C3") -> 0 | Y30: =SUMPRODUCT((I30:INDEX(I30:T30,MONTH(TODAY()))="X")*1) -> 0 | Z30: =IFERROR(V30/U30,"")
A31: =Equipos!C29 -> 0 | B31: =Equipos!D29 -> 0 | C31: =Equipos!E29 -> 0 | D31: =Equipos!G29 -> 0 | E31: =Equipos!I29 -> 0 | F31: =Equipos!J29 -> 0 | G31: =Equipos!K29 -> 0 | U31: =V31+W31+X31+COUNTIF(I31:T31,"R") -> 0 | V31: =COUNTIF(I31:T31,"E") -> 0 | W31: =COUNTIF(I31:T31,"X") -> 0 | X31: =COUNTIF(I31:T31,"C2")+COUNTIF(I31:T31,"C3") -> 0 | Y31: =SUMPRODUCT((I31:INDEX(I31:T31,MONTH(TODAY()))="X")*1) -> 0 | Z31: =IFERROR(V31/U31,"")
A32: =Equipos!C30 -> 0 | B32: =Equipos!D30 -> 0 | C32: =Equipos!E30 -> 0 | D32: =Equipos!G30 -> 0 | E32: =Equipos!I30 -> 0 | F32: =Equipos!J30 -> 0 | G32: =Equipos!K30 -> 0 | U32: =V32+W32+X32+COUNTIF(I32:T32,"R") -> 0 | V32: =COUNTIF(I32:T32,"E") -> 0 | W32: =COUNTIF(I32:T32,"X") -> 0 | X32: =COUNTIF(I32:T32,"C2")+COUNTIF(I32:T32,"C3") -> 0 | Y32: =SUMPRODUCT((I32:INDEX(I32:T32,MONTH(TODAY()))="X")*1) -> 0 | Z32: =IFERROR(V32/U32,"")
A33: =Equipos!C31 -> 0 | B33: =Equipos!D31 -> 0 | C33: =Equipos!E31 -> 0 | D33: =Equipos!G31 -> 0 | E33: =Equipos!I31 -> 0 | F33: =Equipos!J31 -> 0 | G33: =Equipos!K31 -> 0 | U33: =V33+W33+X33+COUNTIF(I33:T33,"R") -> 0 | V33: =COUNTIF(I33:T33,"E") -> 0 | W33: =COUNTIF(I33:T33,"X") -> 0 | X33: =COUNTIF(I33:T33,"C2")+COUNTIF(I33:T33,"C3") -> 0 | Y33: =SUMPRODUCT((I33:INDEX(I33:T33,MONTH(TODAY()))="X")*1) -> 0 | Z33: =IFERROR(V33/U33,"")
A34: =Equipos!C32 -> 2-024094 | B34: =Equipos!D32 -> Incubadora | C34: =Equipos!E32 -> Neonatología | D34: =Equipos!G32 -> 0 | E34: =Equipos!I32 -> DRAGER | F34: =Equipos!J32 -> TI500 | G34: =Equipos!K32 -> KM10530 | J34: E | M34: E | U34: =V34+W34+X34+COUNTIF(I34:T34,"R") -> 2 | V34: =COUNTIF(I34:T34,"E") -> 2 | W34: =COUNTIF(I34:T34,"X") -> 0 | X34: =COUNTIF(I34:T34,"C2")+COUNTIF(I34:T34,"C3") -> 0 | Y34: =SUMPRODUCT((I34:INDEX(I34:T34,MONTH(TODAY()))="X")*1) -> 0 | Z34: =IFERROR(V34/U34,"") -> 1
A35: =Equipos!C33 -> 2-116022 | B35: =Equipos!D33 -> Incubadora | C35: =Equipos!E33 -> Neonatología | D35: =Equipos!G33 -> UCI 7 | E35: =Equipos!I33 -> DRAGER | F35: =Equipos!J33 -> CALEO | G35: =Equipos!K33 -> ASLB-0011 | J35: E | M35: E | U35: =V35+W35+X35+COUNTIF(I35:T35,"R") -> 2 | V35: =COUNTIF(I35:T35,"E") -> 2 | W35: =COUNTIF(I35:T35,"X") -> 0 | X35: =COUNTIF(I35:T35,"C2")+COUNTIF(I35:T35,"C3") -> 0 | Y35: =SUMPRODUCT((I35:INDEX(I35:T35,MONTH(TODAY()))="X")*1) -> 0 | Z35: =IFERROR(V35/U35,"") -> 1
A36: =Equipos!C34 -> 2-116017 | B36: =Equipos!D34 -> Incubadora | C36: =Equipos!E34 -> Neonatología | D36: =Equipos!G34 -> SALA EQUIPOS | E36: =Equipos!I34 -> DRAGER | F36: =Equipos!J34 -> CALEO | G36: =Equipos!K34 -> ASLB-0012 | J36: E | M36: E | U36: =V36+W36+X36+COUNTIF(I36:T36,"R") -> 2 | V36: =COUNTIF(I36:T36,"E") -> 2 | W36: =COUNTIF(I36:T36,"X") -> 0 | X36: =COUNTIF(I36:T36,"C2")+COUNTIF(I36:T36,"C3") -> 0 | Y36: =SUMPRODUCT((I36:INDEX(I36:T36,MONTH(TODAY()))="X")*1) -> 0 | Z36: =IFERROR(V36/U36,"") -> 1
A37: =Equipos!C35 -> 2-116021 | B37: =Equipos!D35 -> Incubadora | C37: =Equipos!E35 -> Neonatología | D37: =Equipos!G35 -> UTI 1/5 | E37: =Equipos!I35 -> DRAGER | F37: =Equipos!J35 -> CALEO | G37: =Equipos!K35 -> ASLB-0013 | J37: E | M37: E | U37: =V37+W37+X37+COUNTIF(I37:T37,"R") -> 2 | V37: =COUNTIF(I37:T37,"E") -> 2 | W37: =COUNTIF(I37:T37,"X") -> 0 | X37: =COUNTIF(I37:T37,"C2")+COUNTIF(I37:T37,"C3") -> 0 | Y37: =SUMPRODUCT((I37:INDEX(I37:T37,MONTH(TODAY()))="X")*1) -> 0 | Z37: =IFERROR(V37/U37,"") -> 1
A38: =Equipos!C36 -> 2-116023 | B38: =Equipos!D36 -> Incubadora | C38: =Equipos!E36 -> Neonatología | D38: =Equipos!G36 -> UTI 1/3 | E38: =Equipos!I36 -> DRAGER | F38: =Equipos!J36 -> CALEO | G38: =Equipos!K36 -> ASLB-0014 | J38: E | M38: E | U38: =V38+W38+X38+COUNTIF(I38:T38,"R") -> 2 | V38: =COUNTIF(I38:T38,"E") -> 2 | W38: =COUNTIF(I38:T38,"X") -> 0 | X38: =COUNTIF(I38:T38,"C2")+COUNTIF(I38:T38,"C3") -> 0 | Y38: =SUMPRODUCT((I38:INDEX(I38:T38,MONTH(TODAY()))="X")*1) -> 0 | Z38: =IFERROR(V38/U38,"") -> 1
A39: =Equipos!C37 -> 2-116020 | B39: =Equipos!D37 -> Incubadora | C39: =Equipos!E37 -> Neonatología | D39: =Equipos!G37 -> UTI 2/4 | E39: =Equipos!I37 -> DRAGER | F39: =Equipos!J37 -> CALEO | G39: =Equipos!K37 -> ASLB-0015 | J39: E | M39: X | U39: =V39+W39+X39+COUNTIF(I39:T39,"R") -> 2 | V39: =COUNTIF(I39:T39,"E") -> 1 | W39: =COUNTIF(I39:T39,"X") -> 1 | X39: =COUNTIF(I39:T39,"C2")+COUNTIF(I39:T39,"C3") -> 0 | Y39: =SUMPRODUCT((I39:INDEX(I39:T39,MONTH(TODAY()))="X")*1) -> 1 | Z39: =IFERROR(V39/U39,"") -> 0.5
A40: =Equipos!C38 -> 2-115788 | B40: =Equipos!D38 -> Incubadora | C40: =Equipos!E38 -> Neonatología | D40: =Equipos!G38 -> SALA EQUIPOS | E40: =Equipos!I38 -> DRAGER | F40: =Equipos!J38 -> CALEO | G40: =Equipos!K38 -> ASJL-0039 | J40: R | K40: E | M40: E | U40: =V40+W40+X40+COUNTIF(I40:T40,"R") -> 3 | V40: =COUNTIF(I40:T40,"E") -> 2 | W40: =COUNTIF(I40:T40,"X") -> 0 | X40: =COUNTIF(I40:T40,"C2")+COUNTIF(I40:T40,"C3") -> 0 | Y40: =SUMPRODUCT((I40:INDEX(I40:T40,MONTH(TODAY()))="X")*1) -> 0 | Z40: =IFERROR(V40/U40,"") -> 0.66666667
A41: =Equipos!C39 -> 2-115787 | B41: =Equipos!D39 -> Incubadora | C41: =Equipos!E39 -> Neonatología | D41: =Equipos!G39 -> UTI 1/1 | E41: =Equipos!I39 -> DRAGER | F41: =Equipos!J39 -> CALEO | G41: =Equipos!K39 -> ASJL-0015 | J41: E | M41: E | U41: =V41+W41+X41+COUNTIF(I41:T41,"R") -> 2 | V41: =COUNTIF(I41:T41,"E") -> 2 | W41: =COUNTIF(I41:T41,"X") -> 0 | X41: =COUNTIF(I41:T41,"C2")+COUNTIF(I41:T41,"C3") -> 0 | Y41: =SUMPRODUCT((I41:INDEX(I41:T41,MONTH(TODAY()))="X")*1) -> 0 | Z41: =IFERROR(V41/U41,"") -> 1
A42: =Equipos!C40 -> 2-115785 | B42: =Equipos!D40 -> Incubadora | C42: =Equipos!E40 -> Neonatología | D42: =Equipos!G40 -> UCI 8 | E42: =Equipos!I40 -> DRAGER | F42: =Equipos!J40 -> CALEO | G42: =Equipos!K40 -> ASJL-0007 | J42: E | M42: E | U42: =V42+W42+X42+COUNTIF(I42:T42,"R") -> 2 | V42: =COUNTIF(I42:T42,"E") -> 2 | W42: =COUNTIF(I42:T42,"X") -> 0 | X42: =COUNTIF(I42:T42,"C2")+COUNTIF(I42:T42,"C3") -> 0 | Y42: =SUMPRODUCT((I42:INDEX(I42:T42,MONTH(TODAY()))="X")*1) -> 0 | Z42: =IFERROR(V42/U42,"") -> 1
A43: =Equipos!C41 -> 2-115784 | B43: =Equipos!D41 -> Incubadora | C43: =Equipos!E41 -> Neonatología | D43: =Equipos!G41 -> UCI 11 | E43: =Equipos!I41 -> DRAGER | F43: =Equipos!J41 -> CALEO | G43: =Equipos!K41 -> ASJL-0006 | J43: R | K43: E | M43: E | U43: =V43+W43+X43+COUNTIF(I43:T43,"R") -> 3 | V43: =COUNTIF(I43:T43,"E") -> 2 | W43: =COUNTIF(I43:T43,"X") -> 0 | X43: =COUNTIF(I43:T43,"C2")+COUNTIF(I43:T43,"C3") -> 0 | Y43: =SUMPRODUCT((I43:INDEX(I43:T43,MONTH(TODAY()))="X")*1) -> 0 | Z43: =IFERROR(V43/U43,"") -> 0.66666667
A44: =Equipos!C42 -> 2-115786 | B44: =Equipos!D42 -> Incubadora | C44: =Equipos!E42 -> Neonatología | D44: =Equipos!G42 -> UTI 2/1 | E44: =Equipos!I42 -> DRAGER | F44: =Equipos!J42 -> CALEO | G44: =Equipos!K42 -> ASJL-0013 | J44: E | M44: E | U44: =V44+W44+X44+COUNTIF(I44:T44,"R") -> 2 | V44: =COUNTIF(I44:T44,"E") -> 2 | W44: =COUNTIF(I44:T44,"X") -> 0 | X44: =COUNTIF(I44:T44,"C2")+COUNTIF(I44:T44,"C3") -> 0 | Y44: =SUMPRODUCT((I44:INDEX(I44:T44,MONTH(TODAY()))="X")*1) -> 0 | Z44: =IFERROR(V44/U44,"") -> 1
A45: =Equipos!C43 -> 2-135839 | B45: =Equipos!D43 -> DEA | C45: =Equipos!E43 -> TROI | D45: =Equipos!G43 -> 0 | E45: =Equipos!I43 -> Mindray | F45: =Equipos!J43 -> BeneHeart C2 | G45: =Equipos!K43 -> AE7-2408132 | L45: E | M45: X | U45: =V45+W45+X45+COUNTIF(I45:T45,"R") -> 2 | V45: =COUNTIF(I45:T45,"E") -> 1 | W45: =COUNTIF(I45:T45,"X") -> 1 | X45: =COUNTIF(I45:T45,"C2")+COUNTIF(I45:T45,"C3") -> 0 | Y45: =SUMPRODUCT((I45:INDEX(I45:T45,MONTH(TODAY()))="X")*1) -> 1 | Z45: =IFERROR(V45/U45,"") -> 0.5
A46: =Equipos!C44 -> 2-024223 | B46: =Equipos!D44 -> Desfibrilador | C46: =Equipos!E44 -> Pabellón (Hemodinamia) | D46: =Equipos!G44 -> Pabellón 2Piso | E46: =Equipos!I44 -> Zoll | F46: =Equipos!J44 -> R SERIES ALS | G46: =Equipos!K44 -> AF12B020910 | L46: E | U46: =V46+W46+X46+COUNTIF(I46:T46,"R") -> 1 | V46: =COUNTIF(I46:T46,"E") -> 1 | W46: =COUNTIF(I46:T46,"X") -> 0 | X46: =COUNTIF(I46:T46,"C2")+COUNTIF(I46:T46,"C3") -> 0 | Y46: =SUMPRODUCT((I46:INDEX(I46:T46,MONTH(TODAY()))="X")*1) -> 0 | Z46: =IFERROR(V46/U46,"") -> 1
A47: =Equipos!C45 -> 2-112264 | B47: =Equipos!D45 -> Desfibrilador | C47: =Equipos!E45 -> UPC Adulto (Prestado a Urgencia Adulto) | D47: =Equipos!G45 -> Sala Reanimación | E47: =Equipos!I45 -> Zoll | F47: =Equipos!J45 -> R SERIES ALS | G47: =Equipos!K45 -> AF10H011856 | J47: E | U47: =V47+W47+X47+COUNTIF(I47:T47,"R") -> 1 | V47: =COUNTIF(I47:T47,"E") -> 1 | W47: =COUNTIF(I47:T47,"X") -> 0 | X47: =COUNTIF(I47:T47,"C2")+COUNTIF(I47:T47,"C3") -> 0 | Y47: =SUMPRODUCT((I47:INDEX(I47:T47,MONTH(TODAY()))="X")*1) -> 0 | Z47: =IFERROR(V47/U47,"") -> 1
A48: =Equipos!C46 -> 2-013518 | B48: =Equipos!D46 -> Desfibrilador | C48: =Equipos!E46 -> Medicina (Prestado a Medicina cardiovascular) | D48: =Equipos!G46 -> Zócalo | E48: =Equipos!I46 -> Nihon Kohden | F48: =Equipos!J46 -> TEC 5531E | G48: =Equipos!K46 -> 1816 | I48: E | U48: =V48+W48+X48+COUNTIF(I48:T48,"R") -> 1 | V48: =COUNTIF(I48:T48,"E") -> 1 | W48: =COUNTIF(I48:T48,"X") -> 0 | X48: =COUNTIF(I48:T48,"C2")+COUNTIF(I48:T48,"C3") -> 0 | Y48: =SUMPRODUCT((I48:INDEX(I48:T48,MONTH(TODAY()))="X")*1) -> 0 | Z48: =IFERROR(V48/U48,"") -> 1
A49: =Equipos!C47 -> 2-117973 | B49: =Equipos!D47 -> DEA | C49: =Equipos!E47 -> Gestión de Pacientes | D49: =Equipos!G47 -> Gestión de Pacientes | E49: =Equipos!I47 -> Zoll | F49: =Equipos!J47 -> AEDPLUS | G49: =Equipos!K47 -> X18E028657 | I49: E | J49: E | K49: E | L49: E | M49: E | U49: =V49+W49+X49+COUNTIF(I49:T49,"R") -> 5 | V49: =COUNTIF(I49:T49,"E") -> 5 | W49: =COUNTIF(I49:T49,"X") -> 0 | X49: =COUNTIF(I49:T49,"C2")+COUNTIF(I49:T49,"C3") -> 0 | Y49: =SUMPRODUCT((I49:INDEX(I49:T49,MONTH(TODAY()))="X")*1) -> 0 | Z49: =IFERROR(V49/U49,"") -> 1
A50: =Equipos!C48 -> 121010-024575 | B50: =Equipos!D48 -> DEA | C50: =Equipos!E48 -> Unidad Evaluación Paciente Imputado | D50: =Equipos!G48 -> UEPI-103 | E50: =Equipos!I48 -> Nihon Kohden | F50: =Equipos!J48 -> AED-3100 | G50: =Equipos!K48 -> 13042 | I50: E | J50: E | K50: E | L50: E | M50: E | U50: =V50+W50+X50+COUNTIF(I50:T50,"R") -> 5 | V50: =COUNTIF(I50:T50,"E") -> 5 | W50: =COUNTIF(I50:T50,"X") -> 0 | X50: =COUNTIF(I50:T50,"C2")+COUNTIF(I50:T50,"C3") -> 0 | Y50: =SUMPRODUCT((I50:INDEX(I50:T50,MONTH(TODAY()))="X")*1) -> 0 | Z50: =IFERROR(V50/U50,"") -> 1
A51: =Equipos!C49 -> 2-134465 | B51: =Equipos!D49 -> DEA | C51: =Equipos!E49 -> SAMU | D51: =Equipos!G49 -> Ambulancia | E51: =Equipos!I49 -> Mindray | F51: =Equipos!J49 -> BeneHeart C1A | G51: =Equipos!K49 -> AF1-48110851 | I51: E | J51: E | K51: E | L51: E | M51: X | U51: =V51+W51+X51+COUNTIF(I51:T51,"R") -> 5 | V51: =COUNTIF(I51:T51,"E") -> 4 | W51: =COUNTIF(I51:T51,"X") -> 1 | X51: =COUNTIF(I51:T51,"C2")+COUNTIF(I51:T51,"C3") -> 0 | Y51: =SUMPRODUCT((I51:INDEX(I51:T51,MONTH(TODAY()))="X")*1) -> 1 | Z51: =IFERROR(V51/U51,"") -> 0.8
A52: =Equipos!C50 -> 2-112265 | B52: =Equipos!D50 -> Desfibrilador | C52: =Equipos!E50 -> Urgencia Infantil | D52: =Equipos!G50 -> SUI sala IRA | E52: =Equipos!I50 -> Nihon Kohden | F52: =Equipos!J50 -> TEC 5531E | G52: =Equipos!K50 -> 888 | K52: C3 | U52: =V52+W52+X52+COUNTIF(I52:T52,"R") -> 1 | V52: =COUNTIF(I52:T52,"E") -> 0 | W52: =COUNTIF(I52:T52,"X") -> 0 | X52: =COUNTIF(I52:T52,"C2")+COUNTIF(I52:T52,"C3") -> 1 | Y52: =SUMPRODUCT((I52:INDEX(I52:T52,MONTH(TODAY()))="X")*1) -> 0 | Z52: =IFERROR(V52/U52,"") -> 0
A53: =Equipos!C51 -> 2-112266 | B53: =Equipos!D51 -> Desfibrilador | C53: =Equipos!E51 -> Endoscopía | D53: =Equipos!G51 -> CDT-P1-SA06 | E53: =Equipos!I51 -> Zoll | F53: =Equipos!J51 -> R SERIES ALS | G53: =Equipos!K51 -> AF12B020988 | K53: E | U53: =V53+W53+X53+COUNTIF(I53:T53,"R") -> 1 | V53: =COUNTIF(I53:T53,"E") -> 1 | W53: =COUNTIF(I53:T53,"X") -> 0 | X53: =COUNTIF(I53:T53,"C2")+COUNTIF(I53:T53,"C3") -> 0 | Y53: =SUMPRODUCT((I53:INDEX(I53:T53,MONTH(TODAY()))="X")*1) -> 0 | Z53: =IFERROR(V53/U53,"") -> 1
A54: =Equipos!C52 -> 2-112267 | B54: =Equipos!D52 -> Desfibrilador | C54: =Equipos!E52 -> UPC Adulto | D54: =Equipos!G52 -> UCI D | E54: =Equipos!I52 -> Nihon Kohden | F54: =Equipos!J52 -> TEC 5531E | G54: =Equipos!K52 -> 889 | J54: C3 | U54: =V54+W54+X54+COUNTIF(I54:T54,"R") -> 1 | V54: =COUNTIF(I54:T54,"E") -> 0 | W54: =COUNTIF(I54:T54,"X") -> 0 | X54: =COUNTIF(I54:T54,"C2")+COUNTIF(I54:T54,"C3") -> 1 | Y54: =SUMPRODUCT((I54:INDEX(I54:T54,MONTH(TODAY()))="X")*1) -> 0 | Z54: =IFERROR(V54/U54,"") -> 0
A55: =Equipos!C53 -> 2-023059 | B55: =Equipos!D53 -> Desfibrilador | C55: =Equipos!E53 -> Pediatría | D55: =Equipos!G53 -> Pediatréa EPA | E55: =Equipos!I53 -> Nihon Kohden | F55: =Equipos!J53 -> TEC 5531E | G55: =Equipos!K53 -> 39 | I55: E | U55: =V55+W55+X55+COUNTIF(I55:T55,"R") -> 1 | V55: =COUNTIF(I55:T55,"E") -> 1 | W55: =COUNTIF(I55:T55,"X") -> 0 | X55: =COUNTIF(I55:T55,"C2")+COUNTIF(I55:T55,"C3") -> 0 | Y55: =SUMPRODUCT((I55:INDEX(I55:T55,MONTH(TODAY()))="X")*1) -> 0 | Z55: =IFERROR(V55/U55,"") -> 1
A56: =Equipos!C54 -> 2-112268 | B56: =Equipos!D54 -> Desfibrilador | C56: =Equipos!E54 -> Pabellones Gineco-Obstétricos | D56: =Equipos!G54 -> Pabellón Urgencia Obstétrica | E56: =Equipos!I54 -> Zoll | F56: =Equipos!J54 -> M SERIES | G56: =Equipos!K54 -> T03K52786 | M56: X | U56: =V56+W56+X56+COUNTIF(I56:T56,"R") -> 1 | V56: =COUNTIF(I56:T56,"E") -> 0 | W56: =COUNTIF(I56:T56,"X") -> 1 | X56: =COUNTIF(I56:T56,"C2")+COUNTIF(I56:T56,"C3") -> 0 | Y56: =SUMPRODUCT((I56:INDEX(I56:T56,MONTH(TODAY()))="X")*1) -> 1 | Z56: =IFERROR(V56/U56,"") -> 0
A57: =Equipos!C55 -> 2-015926 | B57: =Equipos!D55 -> Desfibrilador | C57: =Equipos!E55 -> Pabellones Gineco-Obstétricos | D57: =Equipos!G55 -> Recuperación Partos | E57: =Equipos!I55 -> Medtronic | F57: =Equipos!J55 -> Lifepack 20 | G57: =Equipos!K55 -> 40676147 | M57: X | U57: =V57+W57+X57+COUNTIF(I57:T57,"R") -> 1 | V57: =COUNTIF(I57:T57,"E") -> 0 | W57: =COUNTIF(I57:T57,"X") -> 1 | X57: =COUNTIF(I57:T57,"C2")+COUNTIF(I57:T57,"C3") -> 0 | Y57: =SUMPRODUCT((I57:INDEX(I57:T57,MONTH(TODAY()))="X")*1) -> 1 | Z57: =IFERROR(V57/U57,"") -> 0
A58: =Equipos!C56 -> 2-021577 | B58: =Equipos!D56 -> Desfibrilador | C58: =Equipos!E56 -> Cirugía Adulto | D58: =Equipos!G56 -> Bodega escritorio | E58: =Equipos!I56 -> Medtronic | F58: =Equipos!J56 -> Lifepack 20 | G58: =Equipos!K56 -> 39322210 | M58: E | U58: =V58+W58+X58+COUNTIF(I58:T58,"R") -> 1 | V58: =COUNTIF(I58:T58,"E") -> 1 | W58: =COUNTIF(I58:T58,"X") -> 0 | X58: =COUNTIF(I58:T58,"C2")+COUNTIF(I58:T58,"C3") -> 0 | Y58: =SUMPRODUCT((I58:INDEX(I58:T58,MONTH(TODAY()))="X")*1) -> 0 | Z58: =IFERROR(V58/U58,"") -> 1
A59: =Equipos!C57 -> 2-017416 | B59: =Equipos!D57 -> Desfibrilador | C59: =Equipos!E57 -> Pabellón Quirúrgico | D59: =Equipos!G57 -> CDT-P2-PA05 | E59: =Equipos!I57 -> Nihon Kohden | F59: =Equipos!J57 -> TEC 5531E | G59: =Equipos!K57 -> 880 | L59: E | U59: =V59+W59+X59+COUNTIF(I59:T59,"R") -> 1 | V59: =COUNTIF(I59:T59,"E") -> 1 | W59: =COUNTIF(I59:T59,"X") -> 0 | X59: =COUNTIF(I59:T59,"C2")+COUNTIF(I59:T59,"C3") -> 0 | Y59: =SUMPRODUCT((I59:INDEX(I59:T59,MONTH(TODAY()))="X")*1) -> 0 | Z59: =IFERROR(V59/U59,"") -> 1
A60: =Equipos!C58 -> 2-024411 | B60: =Equipos!D58 -> Desfibrilador | C60: =Equipos!E58 -> Cirugía Adulto | D60: =Equipos!G58 -> EPB-P3-OF02 | E60: =Equipos!I58 -> Nihon Kohden | F60: =Equipos!J58 -> TEC 5531E | G60: =Equipos!K58 -> 885 | L60: E | U60: =V60+W60+X60+COUNTIF(I60:T60,"R") -> 1 | V60: =COUNTIF(I60:T60,"E") -> 1 | W60: =COUNTIF(I60:T60,"X") -> 0 | X60: =COUNTIF(I60:T60,"C2")+COUNTIF(I60:T60,"C3") -> 0 | Y60: =SUMPRODUCT((I60:INDEX(I60:T60,MONTH(TODAY()))="X")*1) -> 0 | Z60: =IFERROR(V60/U60,"") -> 1
A61: =Equipos!C59 -> 2-112269 | B61: =Equipos!D59 -> Desfibrilador | C61: =Equipos!E59 -> Pabellón CMA | D61: =Equipos!G59 -> 0 | E61: =Equipos!I59 -> Nihon Kohden | F61: =Equipos!J59 -> TEC 5531E | G61: =Equipos!K59 -> 1818 | M61: E | U61: =V61+W61+X61+COUNTIF(I61:T61,"R") -> 1 | V61: =COUNTIF(I61:T61,"E") -> 1 | W61: =COUNTIF(I61:T61,"X") -> 0 | X61: =COUNTIF(I61:T61,"C2")+COUNTIF(I61:T61,"C3") -> 0 | Y61: =SUMPRODUCT((I61:INDEX(I61:T61,MONTH(TODAY()))="X")*1) -> 0 | Z61: =IFERROR(V61/U61,"") -> 1
A62: =Equipos!C60 -> 2-013928 | B62: =Equipos!D60 -> Desfibrilador | C62: =Equipos!E60 -> Pabellón CMA | D62: =Equipos!G60 -> 0 | E62: =Equipos!I60 -> Nihon Kohden | F62: =Equipos!J60 -> TEC 5531E | G62: =Equipos!K60 -> 887 | M62: E | U62: =V62+W62+X62+COUNTIF(I62:T62,"R") -> 1 | V62: =COUNTIF(I62:T62,"E") -> 1 | W62: =COUNTIF(I62:T62,"X") -> 0 | X62: =COUNTIF(I62:T62,"C2")+COUNTIF(I62:T62,"C3") -> 0 | Y62: =SUMPRODUCT((I62:INDEX(I62:T62,MONTH(TODAY()))="X")*1) -> 0 | Z62: =IFERROR(V62/U62,"") -> 1
A63: =Equipos!C61 -> 2-017028 | B63: =Equipos!D61 -> Desfibrilador | C63: =Equipos!E61 -> Psiquiatría | D63: =Equipos!G61 -> CDT-P1-SA32 | E63: =Equipos!I61 -> Nihon Kohden | F63: =Equipos!J61 -> TEC 5531E | G63: =Equipos!K61 -> 876 | L63: E | U63: =V63+W63+X63+COUNTIF(I63:T63,"R") -> 1 | V63: =COUNTIF(I63:T63,"E") -> 1 | W63: =COUNTIF(I63:T63,"X") -> 0 | X63: =COUNTIF(I63:T63,"C2")+COUNTIF(I63:T63,"C3") -> 0 | Y63: =SUMPRODUCT((I63:INDEX(I63:T63,MONTH(TODAY()))="X")*1) -> 0 | Z63: =IFERROR(V63/U63,"") -> 1
A64: =Equipos!C62 -> 2-017177 | B64: =Equipos!D62 -> Desfibrilador | C64: =Equipos!E62 -> Psiquiatría | D64: =Equipos!G62 -> CDT-P2-E.E02 | E64: =Equipos!I62 -> Nihon Kohden | F64: =Equipos!J62 -> TEC 5521E | G64: =Equipos!K62 -> 795 | L64: E | U64: =V64+W64+X64+COUNTIF(I64:T64,"R") -> 1 | V64: =COUNTIF(I64:T64,"E") -> 1 | W64: =COUNTIF(I64:T64,"X") -> 0 | X64: =COUNTIF(I64:T64,"C2")+COUNTIF(I64:T64,"C3") -> 0 | Y64: =SUMPRODUCT((I64:INDEX(I64:T64,MONTH(TODAY()))="X")*1) -> 0 | Z64: =IFERROR(V64/U64,"") -> 1
A65: =Equipos!C63 -> 2-024493 | B65: =Equipos!D63 -> Desfibrilador | C65: =Equipos!E63 -> Imagenología | D65: =Equipos!G63 -> Scanner | E65: =Equipos!I63 -> Nihon Kohden | F65: =Equipos!J63 -> TEC 5521E | G65: =Equipos!K63 -> 790 | I65: E | U65: =V65+W65+X65+COUNTIF(I65:T65,"R") -> 1 | V65: =COUNTIF(I65:T65,"E") -> 1 | W65: =COUNTIF(I65:T65,"X") -> 0 | X65: =COUNTIF(I65:T65,"C2")+COUNTIF(I65:T65,"C3") -> 0 | Y65: =SUMPRODUCT((I65:INDEX(I65:T65,MONTH(TODAY()))="X")*1) -> 0 | Z65: =IFERROR(V65/U65,"") -> 1
A66: =Equipos!C64 -> 2-112287 | B66: =Equipos!D64 -> Desfibrilador | C66: =Equipos!E64 -> Imagenología | D66: =Equipos!G64 -> Angiógrafo | E66: =Equipos!I64 -> Nihon Kohden | F66: =Equipos!J64 -> TEC 5521E | G66: =Equipos!K64 -> 83 | I66: E | U66: =V66+W66+X66+COUNTIF(I66:T66,"R") -> 1 | V66: =COUNTIF(I66:T66,"E") -> 1 | W66: =COUNTIF(I66:T66,"X") -> 0 | X66: =COUNTIF(I66:T66,"C2")+COUNTIF(I66:T66,"C3") -> 0 | Y66: =SUMPRODUCT((I66:INDEX(I66:T66,MONTH(TODAY()))="X")*1) -> 0 | Z66: =IFERROR(V66/U66,"") -> 1
A67: =Equipos!C65 -> 2-002720 | B67: =Equipos!D65 -> Desfibrilador | C67: =Equipos!E65 -> Traumatología | D67: =Equipos!G65 -> Cirugía Trauma | E67: =Equipos!I65 -> Nihon Kohden | F67: =Equipos!J65 -> TEC 5531E | G67: =Equipos!K65 -> 1811 | K67: E | U67: =V67+W67+X67+COUNTIF(I67:T67,"R") -> 1 | V67: =COUNTIF(I67:T67,"E") -> 1 | W67: =COUNTIF(I67:T67,"X") -> 0 | X67: =COUNTIF(I67:T67,"C2")+COUNTIF(I67:T67,"C3") -> 0 | Y67: =SUMPRODUCT((I67:INDEX(I67:T67,MONTH(TODAY()))="X")*1) -> 0 | Z67: =IFERROR(V67/U67,"") -> 1
A68: =Equipos!C66 -> 2-013295 | B68: =Equipos!D66 -> Desfibrilador | C68: =Equipos!E66 -> Neurocirugía | D68: =Equipos!G66 -> Sala 298 | E68: =Equipos!I66 -> Nihon Kohden | F68: =Equipos!J66 -> TEC 5521E | G68: =Equipos!K66 -> 1076 | K68: E | U68: =V68+W68+X68+COUNTIF(I68:T68,"R") -> 1 | V68: =COUNTIF(I68:T68,"E") -> 1 | W68: =COUNTIF(I68:T68,"X") -> 0 | X68: =COUNTIF(I68:T68,"C2")+COUNTIF(I68:T68,"C3") -> 0 | Y68: =SUMPRODUCT((I68:INDEX(I68:T68,MONTH(TODAY()))="X")*1) -> 0 | Z68: =IFERROR(V68/U68,"") -> 1
A69: =Equipos!C67 -> 2-003576 | B69: =Equipos!D67 -> Desfibrilador | C69: =Equipos!E67 -> Cirugía Adulto | D69: =Equipos!G67 -> EPC | E69: =Equipos!I67 -> Nihon Kohden | F69: =Equipos!J67 -> TEC 5531E | G69: =Equipos!K67 -> 1815 | M69: E | U69: =V69+W69+X69+COUNTIF(I69:T69,"R") -> 1 | V69: =COUNTIF(I69:T69,"E") -> 1 | W69: =COUNTIF(I69:T69,"X") -> 0 | X69: =COUNTIF(I69:T69,"C2")+COUNTIF(I69:T69,"C3") -> 0 | Y69: =SUMPRODUCT((I69:INDEX(I69:T69,MONTH(TODAY()))="X")*1) -> 0 | Z69: =IFERROR(V69/U69,"") -> 1
A70: =Equipos!C68 -> 2-021802 | B70: =Equipos!D68 -> Desfibrilador | C70: =Equipos!E68 -> UPC 3er Piso | D70: =Equipos!G68 -> Carro de paro | E70: =Equipos!I68 -> Nihon Kohden | F70: =Equipos!J68 -> TEC 5531E | G70: =Equipos!K68 -> 1810 | M70: E | U70: =V70+W70+X70+COUNTIF(I70:T70,"R") -> 1 | V70: =COUNTIF(I70:T70,"E") -> 1 | W70: =COUNTIF(I70:T70,"X") -> 0 | X70: =COUNTIF(I70:T70,"C2")+COUNTIF(I70:T70,"C3") -> 0 | Y70: =SUMPRODUCT((I70:INDEX(I70:T70,MONTH(TODAY()))="X")*1) -> 0 | Z70: =IFERROR(V70/U70,"") -> 1
A71: =Equipos!C69 -> 2-004033 | B71: =Equipos!D69 -> Desfibrilador | C71: =Equipos!E69 -> Ginecología | D71: =Equipos!G69 -> 0 | E71: =Equipos!I69 -> Zoll | F71: =Equipos!J69 -> R SERIES ALS | G71: =Equipos!K69 -> AF10H011861 | M71: E | U71: =V71+W71+X71+COUNTIF(I71:T71,"R") -> 1 | V71: =COUNTIF(I71:T71,"E") -> 1 | W71: =COUNTIF(I71:T71,"X") -> 0 | X71: =COUNTIF(I71:T71,"C2")+COUNTIF(I71:T71,"C3") -> 0 | Y71: =SUMPRODUCT((I71:INDEX(I71:T71,MONTH(TODAY()))="X")*1) -> 0 | Z71: =IFERROR(V71/U71,"") -> 1
A72: =Equipos!C70 -> 2-027959 | B72: =Equipos!D70 -> Desfibrilador | C72: =Equipos!E70 -> Neonatología | D72: =Equipos!G70 -> 0 | E72: =Equipos!I70 -> Zoll | F72: =Equipos!J70 -> R SERIES ALS | G72: =Equipos!K70 -> AF10G011487 | I72: E | U72: =V72+W72+X72+COUNTIF(I72:T72,"R") -> 1 | V72: =COUNTIF(I72:T72,"E") -> 1 | W72: =COUNTIF(I72:T72,"X") -> 0 | X72: =COUNTIF(I72:T72,"C2")+COUNTIF(I72:T72,"C3") -> 0 | Y72: =SUMPRODUCT((I72:INDEX(I72:T72,MONTH(TODAY()))="X")*1) -> 0 | Z72: =IFERROR(V72/U72,"") -> 1
A73: =Equipos!C71 -> 2-135456 | B73: =Equipos!D71 -> Desfibrilador | C73: =Equipos!E71 -> Imagenología | D73: =Equipos!G71 -> Angiógrafo | E73: =Equipos!I71 -> Nihon Kohden | F73: =Equipos!J71 -> TEC-5631 | G73: =Equipos!K71 -> 7900 | I73: E | U73: =V73+W73+X73+COUNTIF(I73:T73,"R") -> 1 | V73: =COUNTIF(I73:T73,"E") -> 1 | W73: =COUNTIF(I73:T73,"X") -> 0 | X73: =COUNTIF(I73:T73,"C2")+COUNTIF(I73:T73,"C3") -> 0 | Y73: =SUMPRODUCT((I73:INDEX(I73:T73,MONTH(TODAY()))="X")*1) -> 0 | Z73: =IFERROR(V73/U73,"") -> 1
A74: =Equipos!C72 -> 2-022181 | B74: =Equipos!D72 -> Desfibrilador | C74: =Equipos!E72 -> Quimioterapia Ambulatoria Adulto | D74: =Equipos!G72 -> EPC-P2 | E74: =Equipos!I72 -> Zoll | F74: =Equipos!J72 -> R SERIES ALS | G74: =Equipos!K72 -> AF12B020977 | K74: E | U74: =V74+W74+X74+COUNTIF(I74:T74,"R") -> 1 | V74: =COUNTIF(I74:T74,"E") -> 1 | W74: =COUNTIF(I74:T74,"X") -> 0 | X74: =COUNTIF(I74:T74,"C2")+COUNTIF(I74:T74,"C3") -> 0 | Y74: =SUMPRODUCT((I74:INDEX(I74:T74,MONTH(TODAY()))="X")*1) -> 0 | Z74: =IFERROR(V74/U74,"") -> 1
A75: =Equipos!C73 -> 2-112270 | B75: =Equipos!D73 -> Desfibrilador | C75: =Equipos!E73 -> Pediatría | D75: =Equipos!G73 -> Carro de paro | E75: =Equipos!I73 -> Nihon Kohden | F75: =Equipos!J73 -> TEC 5531E | G75: =Equipos!K73 -> 1814 | I75: E | U75: =V75+W75+X75+COUNTIF(I75:T75,"R") -> 1 | V75: =COUNTIF(I75:T75,"E") -> 1 | W75: =COUNTIF(I75:T75,"X") -> 0 | X75: =COUNTIF(I75:T75,"C2")+COUNTIF(I75:T75,"C3") -> 0 | Y75: =SUMPRODUCT((I75:INDEX(I75:T75,MONTH(TODAY()))="X")*1) -> 0 | Z75: =IFERROR(V75/U75,"") -> 1
A76: =Equipos!C74 -> 2-135846 | B76: =Equipos!D74 -> Desfibrilador | C76: =Equipos!E74 -> Traumatología | D76: =Equipos!G74 -> 0 | E76: =Equipos!I74 -> Nihon Kohden | F76: =Equipos!J74 -> TEC-5632E | G76: =Equipos!K74 -> 8104 | K76: E | U76: =V76+W76+X76+COUNTIF(I76:T76,"R") -> 1 | V76: =COUNTIF(I76:T76,"E") -> 1 | W76: =COUNTIF(I76:T76,"X") -> 0 | X76: =COUNTIF(I76:T76,"C2")+COUNTIF(I76:T76,"C3") -> 0 | Y76: =SUMPRODUCT((I76:INDEX(I76:T76,MONTH(TODAY()))="X")*1) -> 0 | Z76: =IFERROR(V76/U76,"") -> 1
A77: =Equipos!C75 -> 2-008958 | B77: =Equipos!D75 -> Desfibrilador | C77: =Equipos!E75 -> Pediatría | D77: =Equipos!G75 -> Pasillo | E77: =Equipos!I75 -> Nihon Kohden | F77: =Equipos!J75 -> TEC 5521E | G77: =Equipos!K75 -> 82 | I77: E | U77: =V77+W77+X77+COUNTIF(I77:T77,"R") -> 1 | V77: =COUNTIF(I77:T77,"E") -> 1 | W77: =COUNTIF(I77:T77,"X") -> 0 | X77: =COUNTIF(I77:T77,"C2")+COUNTIF(I77:T77,"C3") -> 0 | Y77: =SUMPRODUCT((I77:INDEX(I77:T77,MONTH(TODAY()))="X")*1) -> 0 | Z77: =IFERROR(V77/U77,"") -> 1
A78: =Equipos!C76 -> 2-119676 | B78: =Equipos!D76 -> Desfibrilador | C78: =Equipos!E76 -> UPC Adulto | D78: =Equipos!G76 -> P2 | E78: =Equipos!I76 -> Zoll | F78: =Equipos!J76 -> M2 | G78: =Equipos!K76 -> (21)BA19F000019 | J78: E | U78: =V78+W78+X78+COUNTIF(I78:T78,"R") -> 1 | V78: =COUNTIF(I78:T78,"E") -> 1 | W78: =COUNTIF(I78:T78,"X") -> 0 | X78: =COUNTIF(I78:T78,"C2")+COUNTIF(I78:T78,"C3") -> 0 | Y78: =SUMPRODUCT((I78:INDEX(I78:T78,MONTH(TODAY()))="X")*1) -> 0 | Z78: =IFERROR(V78/U78,"") -> 1
A79: =Equipos!C77 -> 2-004405 | B79: =Equipos!D77 -> Desfibrilador | C79: =Equipos!E77 -> Medicina | D79: =Equipos!G77 -> 5TO PISO TN | E79: =Equipos!I77 -> Nihon Kohden | F79: =Equipos!J77 -> TEC 5531E | G79: =Equipos!K77 -> 1812 | J79: E | U79: =V79+W79+X79+COUNTIF(I79:T79,"R") -> 1 | V79: =COUNTIF(I79:T79,"E") -> 1 | W79: =COUNTIF(I79:T79,"X") -> 0 | X79: =COUNTIF(I79:T79,"C2")+COUNTIF(I79:T79,"C3") -> 0 | Y79: =SUMPRODUCT((I79:INDEX(I79:T79,MONTH(TODAY()))="X")*1) -> 0 | Z79: =IFERROR(V79/U79,"") -> 1
A80: =Equipos!C78 -> 2-008665 | B80: =Equipos!D78 -> Desfibrilador | C80: =Equipos!E78 -> Medicina | D80: =Equipos!G78 -> 5TO PISO EPA | E80: =Equipos!I78 -> Nihon Kohden | F80: =Equipos!J78 -> TEC 5521E | G80: =Equipos!K78 -> 342 | J80: E | U80: =V80+W80+X80+COUNTIF(I80:T80,"R") -> 1 | V80: =COUNTIF(I80:T80,"E") -> 1 | W80: =COUNTIF(I80:T80,"X") -> 0 | X80: =COUNTIF(I80:T80,"C2")+COUNTIF(I80:T80,"C3") -> 0 | Y80: =SUMPRODUCT((I80:INDEX(I80:T80,MONTH(TODAY()))="X")*1) -> 0 | Z80: =IFERROR(V80/U80,"") -> 1
A81: =Equipos!C79 -> 2-135837 | B81: =Equipos!D79 -> Desfibrilador | C81: =Equipos!E79 -> TROI | D81: =Equipos!G79 -> 0 | E81: =Equipos!I79 -> Mindray | F81: =Equipos!J79 -> BeneHeart D30 | G81: =Equipos!K79 -> FP5-49011641 | L81: E | U81: =V81+W81+X81+COUNTIF(I81:T81,"R") -> 1 | V81: =COUNTIF(I81:T81,"E") -> 1 | W81: =COUNTIF(I81:T81,"X") -> 0 | X81: =COUNTIF(I81:T81,"C2")+COUNTIF(I81:T81,"C3") -> 0 | Y81: =SUMPRODUCT((I81:INDEX(I81:T81,MONTH(TODAY()))="X")*1) -> 0 | Z81: =IFERROR(V81/U81,"") -> 1
A82: =Equipos!C80 -> 2-021249 | B82: =Equipos!D80 -> Desfibrilador | C82: =Equipos!E80 -> Cirugía Infantil | D82: =Equipos!G80 -> Sala procedmiento cirugíaa infantil | E82: =Equipos!I80 -> Nihon Kohden | F82: =Equipos!J80 -> TEC 5531E | G82: =Equipos!K80 -> 1813 | I82: E | U82: =V82+W82+X82+COUNTIF(I82:T82,"R") -> 1 | V82: =COUNTIF(I82:T82,"E") -> 1 | W82: =COUNTIF(I82:T82,"X") -> 0 | X82: =COUNTIF(I82:T82,"C2")+COUNTIF(I82:T82,"C3") -> 0 | Y82: =SUMPRODUCT((I82:INDEX(I82:T82,MONTH(TODAY()))="X")*1) -> 0 | Z82: =IFERROR(V82/U82,"") -> 1
A83: =Equipos!C81 -> 2-004271 | B83: =Equipos!D81 -> Desfibrilador | C83: =Equipos!E81 -> Medicina Materno Fetal | D83: =Equipos!G81 -> P4-TNB | E83: =Equipos!I81 -> Nihon Kohden | F83: =Equipos!J81 -> TEC 5531E | G83: =Equipos!K81 -> 883 | M83: E | U83: =V83+W83+X83+COUNTIF(I83:T83,"R") -> 1 | V83: =COUNTIF(I83:T83,"E") -> 1 | W83: =COUNTIF(I83:T83,"X") -> 0 | X83: =COUNTIF(I83:T83,"C2")+COUNTIF(I83:T83,"C3") -> 0 | Y83: =SUMPRODUCT((I83:INDEX(I83:T83,MONTH(TODAY()))="X")*1) -> 0 | Z83: =IFERROR(V83/U83,"") -> 1
A84: =Equipos!C82 -> 2-003814 | B84: =Equipos!D82 -> Desfibrilador | C84: =Equipos!E82 -> Cirugía Adulto | D84: =Equipos!G82 -> EPA | E84: =Equipos!I82 -> Nihon Kohden | F84: =Equipos!J82 -> TEC 5531E | G84: =Equipos!K82 -> 1796 | M84: E | U84: =V84+W84+X84+COUNTIF(I84:T84,"R") -> 1 | V84: =COUNTIF(I84:T84,"E") -> 1 | W84: =COUNTIF(I84:T84,"X") -> 0 | X84: =COUNTIF(I84:T84,"C2")+COUNTIF(I84:T84,"C3") -> 0 | Y84: =SUMPRODUCT((I84:INDEX(I84:T84,MONTH(TODAY()))="X")*1) -> 0 | Z84: =IFERROR(V84/U84,"") -> 1
A85: =Equipos!C83 -> 0 | B85: =Equipos!D83 -> 0 | C85: =Equipos!E83 -> 0 | D85: =Equipos!G83 -> 0 | E85: =Equipos!I83 -> 0 | F85: =Equipos!J83 -> 0 | G85: =Equipos!K83 -> 0 | U85: =V85+W85+X85+COUNTIF(I85:T85,"R") -> 0 | V85: =COUNTIF(I85:T85,"E") -> 0 | W85: =COUNTIF(I85:T85,"X") -> 0 | X85: =COUNTIF(I85:T85,"C2")+COUNTIF(I85:T85,"C3") -> 0 | Y85: =SUMPRODUCT((I85:INDEX(I85:T85,MONTH(TODAY()))="X")*1) -> 0 | Z85: =IFERROR(V85/U85,"")
A86: =Equipos!C84 -> 2-002799 | B86: =Equipos!D84 -> Desfibrilador | C86: =Equipos!E84 -> Quimioterapia Ambulatoria Adulto | D86: =Equipos!G84 -> EPC-P2 | E86: =Equipos!I84 -> Nihon Kohden | F86: =Equipos!J84 -> TEC 5531E | G86: =Equipos!K84 -> 1819 | K86: E | U86: =V86+W86+X86+COUNTIF(I86:T86,"R") -> 1 | V86: =COUNTIF(I86:T86,"E") -> 1 | W86: =COUNTIF(I86:T86,"X") -> 0 | X86: =COUNTIF(I86:T86,"C2")+COUNTIF(I86:T86,"C3") -> 0 | Y86: =SUMPRODUCT((I86:INDEX(I86:T86,MONTH(TODAY()))="X")*1) -> 0 | Z86: =IFERROR(V86/U86,"") -> 1
A87: =Equipos!C85 -> 0 | B87: =Equipos!D85 -> 0 | C87: =Equipos!E85 -> 0 | D87: =Equipos!G85 -> 0 | E87: =Equipos!I85 -> 0 | F87: =Equipos!J85 -> 0 | G87: =Equipos!K85 -> 0 | U87: =V87+W87+X87+COUNTIF(I87:T87,"R") -> 0 | V87: =COUNTIF(I87:T87,"E") -> 0 | W87: =COUNTIF(I87:T87,"X") -> 0 | X87: =COUNTIF(I87:T87,"C2")+COUNTIF(I87:T87,"C3") -> 0 | Y87: =SUMPRODUCT((I87:INDEX(I87:T87,MONTH(TODAY()))="X")*1) -> 0 | Z87: =IFERROR(V87/U87,"")
A88: =Equipos!C86 -> 2-022320 | B88: =Equipos!D86 -> Desfibrilador | C88: =Equipos!E86 -> Urgencias Gineco-Obstétricas | D88: =Equipos!G86 -> UPC-P1-SA20 | E88: =Equipos!I86 -> Zoll | F88: =Equipos!J86 -> R SERIES ALS | G88: =Equipos!K86 -> AF12B020983 | M88: E | U88: =V88+W88+X88+COUNTIF(I88:T88,"R") -> 1 | V88: =COUNTIF(I88:T88,"E") -> 1 | W88: =COUNTIF(I88:T88,"X") -> 0 | X88: =COUNTIF(I88:T88,"C2")+COUNTIF(I88:T88,"C3") -> 0 | Y88: =SUMPRODUCT((I88:INDEX(I88:T88,MONTH(TODAY()))="X")*1) -> 0 | Z88: =IFERROR(V88/U88,"") -> 1
A89: =Equipos!C87 -> 0 | B89: =Equipos!D87 -> 0 | C89: =Equipos!E87 -> 0 | D89: =Equipos!G87 -> 0 | E89: =Equipos!I87 -> 0 | F89: =Equipos!J87 -> 0 | G89: =Equipos!K87 -> 0 | U89: =V89+W89+X89+COUNTIF(I89:T89,"R") -> 0 | V89: =COUNTIF(I89:T89,"E") -> 0 | W89: =COUNTIF(I89:T89,"X") -> 0 | X89: =COUNTIF(I89:T89,"C2")+COUNTIF(I89:T89,"C3") -> 0 | Y89: =SUMPRODUCT((I89:INDEX(I89:T89,MONTH(TODAY()))="X")*1) -> 0 | Z89: =IFERROR(V89/U89,"")
A90: =Equipos!C88 -> 2-122452 | B90: =Equipos!D88 -> Desfibrilador | C90: =Equipos!E88 -> Pabellón Quirúrgico | D90: =Equipos!G88 -> 0 | E90: =Equipos!I88 -> Physio Control | F90: =Equipos!J88 -> Lifepak 15 | G90: =Equipos!K88 -> 49453842 | L90: E | U90: =V90+W90+X90+COUNTIF(I90:T90,"R") -> 1 | V90: =COUNTIF(I90:T90,"E") -> 1 | W90: =COUNTIF(I90:T90,"X") -> 0 | X90: =COUNTIF(I90:T90,"C2")+COUNTIF(I90:T90,"C3") -> 0 | Y90: =SUMPRODUCT((I90:INDEX(I90:T90,MONTH(TODAY()))="X")*1) -> 0 | Z90: =IFERROR(V90/U90,"") -> 1
A91: =Equipos!C89 -> 2-112272 | B91: =Equipos!D89 -> Desfibrilador | C91: =Equipos!E89 -> UPC Cardiovascular | D91: =Equipos!G89 -> Angiografo | E91: =Equipos!I89 -> Medtronic | F91: =Equipos!J89 -> Lifepack 20 | G91: =Equipos!K89 -> 30634707 | I91: E | U91: =V91+W91+X91+COUNTIF(I91:T91,"R") -> 1 | V91: =COUNTIF(I91:T91,"E") -> 1 | W91: =COUNTIF(I91:T91,"X") -> 0 | X91: =COUNTIF(I91:T91,"C2")+COUNTIF(I91:T91,"C3") -> 0 | Y91: =SUMPRODUCT((I91:INDEX(I91:T91,MONTH(TODAY()))="X")*1) -> 0 | Z91: =IFERROR(V91/U91,"") -> 1
A92: =Equipos!C90 -> 121010-020241 | B92: =Equipos!D90 -> DEA | C92: =Equipos!E90 -> SAMU | D92: =Equipos!G90 -> Movil 1305 | E92: =Equipos!I90 -> Zoll | F92: =Equipos!J90 -> AEDPLUS | G92: =Equipos!K90 -> X21J421750 | I92: E | J92: E | K92: E | L92: E | M92: X | U92: =V92+W92+X92+COUNTIF(I92:T92,"R") -> 5 | V92: =COUNTIF(I92:T92,"E") -> 4 | W92: =COUNTIF(I92:T92,"X") -> 1 | X92: =COUNTIF(I92:T92,"C2")+COUNTIF(I92:T92,"C3") -> 0 | Y92: =SUMPRODUCT((I92:INDEX(I92:T92,MONTH(TODAY()))="X")*1) -> 1 | Z92: =IFERROR(V92/U92,"") -> 0.8
A93: =Equipos!C91 -> 2-117263 | B93: =Equipos!D91 -> Desfibrilador | C93: =Equipos!E91 -> SAMU | D93: =Equipos!G91 -> Movil 1301 | E93: =Equipos!I91 -> Nihon Kohden | F93: =Equipos!J91 -> TEC-8352K | G93: =Equipos!K91 -> 1640 | L93: E | U93: =V93+W93+X93+COUNTIF(I93:T93,"R") -> 1 | V93: =COUNTIF(I93:T93,"E") -> 1 | W93: =COUNTIF(I93:T93,"X") -> 0 | X93: =COUNTIF(I93:T93,"C2")+COUNTIF(I93:T93,"C3") -> 0 | Y93: =SUMPRODUCT((I93:INDEX(I93:T93,MONTH(TODAY()))="X")*1) -> 0 | Z93: =IFERROR(V93/U93,"") -> 1
A94: =Equipos!C92 -> 2-017206 | B94: =Equipos!D92 -> Desfibrilador | C94: =Equipos!E92 -> SAMU | D94: =Equipos!G92 -> Movil 1302 | E94: =Equipos!I92 -> Zoll | F94: =Equipos!J92 -> R SERIES ALS | G94: =Equipos!K92 -> AF12B020986 | L94: E | U94: =V94+W94+X94+COUNTIF(I94:T94,"R") -> 1 | V94: =COUNTIF(I94:T94,"E") -> 1 | W94: =COUNTIF(I94:T94,"X") -> 0 | X94: =COUNTIF(I94:T94,"C2")+COUNTIF(I94:T94,"C3") -> 0 | Y94: =SUMPRODUCT((I94:INDEX(I94:T94,MONTH(TODAY()))="X")*1) -> 0 | Z94: =IFERROR(V94/U94,"") -> 1
A95: =Equipos!C93 -> 2-124605 | B95: =Equipos!D93 -> DEA | C95: =Equipos!E93 -> Gestión de Pacientes | D95: =Equipos!G93 -> Movil SHLF-84 | E95: =Equipos!I93 -> Mindray | F95: =Equipos!J93 -> BeneHeart C2 | G95: =Equipos!K93 -> AE7-24048210 | I95: E | J95: E | K95: E | L95: E | M95: E | U95: =V95+W95+X95+COUNTIF(I95:T95,"R") -> 5 | V95: =COUNTIF(I95:T95,"E") -> 5 | W95: =COUNTIF(I95:T95,"X") -> 0 | X95: =COUNTIF(I95:T95,"C2")+COUNTIF(I95:T95,"C3") -> 0 | Y95: =SUMPRODUCT((I95:INDEX(I95:T95,MONTH(TODAY()))="X")*1) -> 0 | Z95: =IFERROR(V95/U95,"") -> 1
A96: =Equipos!C94 -> 2-024418 | B96: =Equipos!D94 -> Desfibrilador | C96: =Equipos!E94 -> Pabellón Quirúrgico | D96: =Equipos!G94 -> CDT-P2-PA05 | E96: =Equipos!I94 -> Medtronic | F96: =Equipos!J94 -> Lifepack 20 | G96: =Equipos!K94 -> 40979213 | L96: E | U96: =V96+W96+X96+COUNTIF(I96:T96,"R") -> 1 | V96: =COUNTIF(I96:T96,"E") -> 1 | W96: =COUNTIF(I96:T96,"X") -> 0 | X96: =COUNTIF(I96:T96,"C2")+COUNTIF(I96:T96,"C3") -> 0 | Y96: =SUMPRODUCT((I96:INDEX(I96:T96,MONTH(TODAY()))="X")*1) -> 0 | Z96: =IFERROR(V96/U96,"") -> 1
A97: =Equipos!C95 -> 2-134460 | B97: =Equipos!D95 -> DEA | C97: =Equipos!E95 -> CDT | D97: =Equipos!G95 -> 0 | E97: =Equipos!I95 -> Nihon Kohden | F97: =Equipos!J95 -> AED-3100K | G97: =Equipos!K95 -> 40422 | I97: E | J97: E | K97: E | L97: E | M97: E | U97: =V97+W97+X97+COUNTIF(I97:T97,"R") -> 5 | V97: =COUNTIF(I97:T97,"E") -> 5 | W97: =COUNTIF(I97:T97,"X") -> 0 | X97: =COUNTIF(I97:T97,"C2")+COUNTIF(I97:T97,"C3") -> 0 | Y97: =SUMPRODUCT((I97:INDEX(I97:T97,MONTH(TODAY()))="X")*1) -> 0 | Z97: =IFERROR(V97/U97,"") -> 1
A98: =Equipos!C96 -> 2-112273 | B98: =Equipos!D96 -> DEA | C98: =Equipos!E96 -> Prevención de Riesgos | D98: =Equipos!G96 -> CDT 1ER Piso | E98: =Equipos!I96 -> DEFIBTECH | F98: =Equipos!J96 -> LIFE LINE | G98: =Equipos!K96 -> 122002994 | I98: E | J98: E | K98: E | L98: E | M98: E | U98: =V98+W98+X98+COUNTIF(I98:T98,"R") -> 5 | V98: =COUNTIF(I98:T98,"E") -> 5 | W98: =COUNTIF(I98:T98,"X") -> 0 | X98: =COUNTIF(I98:T98,"C2")+COUNTIF(I98:T98,"C3") -> 0 | Y98: =SUMPRODUCT((I98:INDEX(I98:T98,MONTH(TODAY()))="X")*1) -> 0 | Z98: =IFERROR(V98/U98,"") -> 1
A99: =Equipos!C97 -> 2-112274 | B99: =Equipos!D97 -> DEA | C99: =Equipos!E97 -> Prevención de Riesgos | D99: =Equipos!G97 -> Hall 1º Piso EP | E99: =Equipos!I97 -> DEFIBTECH | F99: =Equipos!J97 -> LIFE LINE | G99: =Equipos!K97 -> 122003001 | I99: E | J99: E | K99: E | L99: E | M99: E | U99: =V99+W99+X99+COUNTIF(I99:T99,"R") -> 5 | V99: =COUNTIF(I99:T99,"E") -> 5 | W99: =COUNTIF(I99:T99,"X") -> 0 | X99: =COUNTIF(I99:T99,"C2")+COUNTIF(I99:T99,"C3") -> 0 | Y99: =SUMPRODUCT((I99:INDEX(I99:T99,MONTH(TODAY()))="X")*1) -> 0 | Z99: =IFERROR(V99/U99,"") -> 1
A100: =Equipos!C98 -> 2-112275 | B100: =Equipos!D98 -> DEA | C100: =Equipos!E98 -> Prevención de Riesgos | D100: =Equipos!G98 -> Urgencia Infantil | E100: =Equipos!I98 -> DEFIBTECH | F100: =Equipos!J98 -> LIFE LINE | G100: =Equipos!K98 -> 122002995 | I100: E | J100: E | K100: E | L100: E | M100: E | U100: =V100+W100+X100+COUNTIF(I100:T100,"R") -> 5 | V100: =COUNTIF(I100:T100,"E") -> 5 | W100: =COUNTIF(I100:T100,"X") -> 0 | X100: =COUNTIF(I100:T100,"C2")+COUNTIF(I100:T100,"C3") -> 0 | Y100: =SUMPRODUCT((I100:INDEX(I100:T100,MONTH(TODAY()))="X")*1) -> 0 | Z100: =IFERROR(V100/U100,"") -> 1
...

Sheet Registro MP
A1: N° Inventario | B1: Equipo (auto) | C1: N° Serie (auto) | D1: Servicio (auto) | E1: Marca (auto) | F1: Modelo (auto) | G1: Mes / período programado | H1: Ejecución | I1: Empresa (si externo) | J1: Resultado | K1: Descripción del resultado | L1: Fecha de ejecución | M1: Estado del equipo | N1: Ingeniero que ejecutó | O1: Protocolo interno entregado | P1: Protocolo empresa entregado | Q1: Observaciones
A2: 2-120325 | B2: =IFERROR(VLOOKUP($A2,Equipos!$C$2:$M$967,2,FALSE()),"") -> Ventilador Mecánico | C2: =IFERROR(VLOOKUP($A2,Equipos!$C$2:$M$967,9,FALSE()),"") -> MV2000TA1F0353 | D2: =IFERROR(VLOOKUP($A2,Equipos!$C$2:$M$967,3,FALSE()),"") -> UPC Adulto | E2: =IFERROR(VLOOKUP($A2,Equipos!$C$2:$M$967,7,FALSE()),"") -> MEK ICS | F2: =IFERROR(VLOOKUP($A2,Equipos!$C$2:$M$967,8,FALSE()),"") -> MV2000 EVO5 | G2: Septiembre | H2: Interno | J2: Sí | K2: =IFERROR(VLOOKUP($J2,Catálogos!$M$4:$N$17,2,FALSE()),"") -> Mantención Preventiva Realizada | L2: 45910 | M2: Operativo | N2: Ricardo Matus Aroca
A3: 2-117816 | B3: =IFERROR(VLOOKUP($A3,Equipos!$C$2:$M$967,2,FALSE()),"") -> Máquina de Anestesia | C3: =IFERROR(VLOOKUP($A3,Equipos!$C$2:$M$967,9,FALSE()),"") -> ASMB-0231 | D3: =IFERROR(VLOOKUP($A3,Equipos!$C$2:$M$967,3,FALSE()),"") -> Pabellón Quirúrgico | E3: =IFERROR(VLOOKUP($A3,Equipos!$C$2:$M$967,7,FALSE()),"") -> Drager | F3: =IFERROR(VLOOKUP($A3,Equipos!$C$2:$M$967,8,FALSE()),"") -> Primus IE | G3: Octubre | H3: Interno | J3: C3 | K3: =IFERROR(VLOOKUP($J3,Catálogos!$M$4:$N$17,2,FALSE()),"") -> Reprogramada · Equipo no operativo, a la espera de repuestos o accesorios | L3: 45960 | M3: No operativo | N3: Marco Ulloa
A4: 2-110571 | B4: =IFERROR(VLOOKUP($A4,Equipos!$C$2:$M$967,2,FALSE()),"") -> Ventilador Mecánico | C4: =IFERROR(VLOOKUP($A4,Equipos!$C$2:$M$967,9,FALSE()),"") -> ASHK-0151 | D4: =IFERROR(VLOOKUP($A4,Equipos!$C$2:$M$967,3,FALSE()),"") -> UPC Adulto | E4: =IFERROR(VLOOKUP($A4,Equipos!$C$2:$M$967,7,FALSE()),"") -> Drager | F4: =IFERROR(VLOOKUP($A4,Equipos!$C$2:$M$967,8,FALSE()),"") -> Evita V300 | G4: Enero | H4: Interno | J4: No | K4: =IFERROR(VLOOKUP($J4,Catálogos!$M$4:$N$17,2,FALSE()),"") -> No Realizada | L4: 46037 | N4: Ricardo Matus Aroca | Q4: [Conciliación auto] Importado desde maestro · Importación #18
A5: 2-013590 | B5: =IFERROR(VLOOKUP($A5,Equipos!$C$2:$M$967,2,FALSE()),"") -> Ventilador Mecánico | C5: =IFERROR(VLOOKUP($A5,Equipos!$C$2:$M$967,9,FALSE()),"") -> ASFN-0008 | D5: =IFERROR(VLOOKUP($A5,Equipos!$C$2:$M$967,3,FALSE()),"") -> UPC Adulto | E5: =IFERROR(VLOOKUP($A5,Equipos!$C$2:$M$967,7,FALSE()),"") -> Drager | F5: =IFERROR(VLOOKUP($A5,Equipos!$C$2:$M$967,8,FALSE()),"") -> Carina | G5: Enero | H5: Interno | J5: No | K5: =IFERROR(VLOOKUP($J5,Catálogos!$M$4:$N$17,2,FALSE()),"") -> No Realizada | L5: 46037 | N5: Ricardo Matus Aroca | Q5: [Conciliación auto] Importado desde maestro · Importación #18
A6: 2-006455 | B6: =IFERROR(VLOOKUP($A6,Equipos!$C$2:$M$967,2,FALSE()),"") -> Máquina Diálisis | C6: =IFERROR(VLOOKUP($A6,Equipos!$C$2:$M$967,9,FALSE()),"") -> 8VCAJN47 | D6: =IFERROR(VLOOKUP($A6,Equipos!$C$2:$M$967,3,FALSE()),"") -> Hemodiálisis | E6: =IFERROR(VLOOKUP($A6,Equipos!$C$2:$M$967,7,FALSE()),"") -> Fresenius | F6: =IFERROR(VLOOKUP($A6,Equipos!$C$2:$M$967,8,FALSE()),"") -> 4008B(s) | G6: Enero | H6: Externo | J6: Baja | K6: =IFERROR(VLOOKUP($J6,Catálogos!$M$4:$N$17,2,FALSE()),"") -> Equipo Dado de Baja | L6: 46037 | M6: Baja | N6: Personal externo | Q6: [Conciliación auto] Importado desde maestro · Importación #4
A7: 2-121543 | B7: =IFERROR(VLOOKUP($A7,Equipos!$C$2:$M$967,2,FALSE()),"") -> Monitor Multiparámetros | C7: =IFERROR(VLOOKUP($A7,Equipos!$C$2:$M$967,9,FALSE()),"") -> DGM40029 | D7: =IFERROR(VLOOKUP($A7,Equipos!$C$2:$M$967,3,FALSE()),"") -> Pediatría | E7: =IFERROR(VLOOKUP($A7,Equipos!$C$2:$M$967,7,FALSE()),"") -> Bistos | F7: =IFERROR(VLOOKUP($A7,Equipos!$C$2:$M$967,8,FALSE()),"") -> BT-770 | G7: Enero | H7: Externo | J7: C5 | K7: =IFERROR(VLOOKUP($J7,Catálogos!$M$4:$N$17,2,FALSE()),"") -> Reprogramada · No disponibilidad de horas hombre del funcionario SEC por alta carga laboral | L7: 46037 | M7: Operativo | N7: Personal externo | Q7: [Conciliación auto] Importado desde maestro · Importación #4
A8: 2-121542 | B8: =IFERROR(VLOOKUP($A8,Equipos!$C$2:$M$967,2,FALSE()),"") -> Monitor Multiparámetros | C8: =IFERROR(VLOOKUP($A8,Equipos!$C$2:$M$967,9,FALSE()),"") -> DGM40030 | D8: =IFERROR(VLOOKUP($A8,Equipos!$C$2:$M$967,3,FALSE()),"") -> Pediatría | E8: =IFERROR(VLOOKUP($A8,Equipos!$C$2:$M$967,7,FALSE()),"") -> Bistos | F8: =IFERROR(VLOOKUP($A8,Equipos!$C$2:$M$967,8,FALSE()),"") -> BT-770 | G8: Enero | H8: Externo | J8: C5 | K8: =IFERROR(VLOOKUP($J8,Catálogos!$M$4:$N$17,2,FALSE()),"") -> Reprogramada · No disponibilidad de horas hombre del funcionario SEC por alta carga laboral | L8: 46037 | M8: Operativo | N8: Personal externo | Q8: [Conciliación auto] Importado desde maestro · Importación #4
A9: 2-121541 | B9: =IFERROR(VLOOKUP($A9,Equipos!$C$2:$M$967,2,FALSE()),"") -> Monitor Multiparámetros | C9: =IFERROR(VLOOKUP($A9,Equipos!$C$2:$M$967,9,FALSE()),"") -> DGM40038 | D9: =IFERROR(VLOOKUP($A9,Equipos!$C$2:$M$967,3,FALSE()),"") -> Pediatría | E9: =IFERROR(VLOOKUP($A9,Equipos!$C$2:$M$967,7,FALSE()),"") -> Bistos | F9: =IFERROR(VLOOKUP($A9,Equipos!$C$2:$M$967,8,FALSE()),"") -> BT-770 | G9: Enero | H9: Externo | J9: C5 | K9: =IFERROR(VLOOKUP($J9,Catálogos!$M$4:$N$17,2,FALSE()),"") -> Reprogramada · No disponibilidad de horas hombre del funcionario SEC por alta carga laboral | L9: 46037 | M9: Operativo | N9: Personal externo | Q9: [Conciliación auto] Importado desde maestro · Importación #4
A10: 2-121540 | B10: =IFERROR(VLOOKUP($A10,Equipos!$C$2:$M$967,2,FALSE()),"") -> Monitor Multiparámetros | C10: =IFERROR(VLOOKUP($A10,Equipos!$C$2:$M$967,9,FALSE()),"") -> DGM40031 | D10: =IFERROR(VLOOKUP($A10,Equipos!$C$2:$M$967,3,FALSE()),"") -> Pediatría | E10: =IFERROR(VLOOKUP($A10,Equipos!$C$2:$M$967,7,FALSE()),"") -> Bistos | F10: =IFERROR(VLOOKUP($A10,Equipos!$C$2:$M$967,8,FALSE()),"") -> BT-770 | G10: Enero | H10: Externo | J10: C5 | K10: =IFERROR(VLOOKUP($J10,Catálogos!$M$4:$N$17,2,FALSE()),"") -> Reprogramada · No disponibilidad de horas hombre del funcionario SEC por alta carga laboral | L10: 46037 | M10: Operativo | N10: Personal externo | Q10: [Conciliación auto] Importado desde maestro · Importación #4
A11: 2-121539 | B11: =IFERROR(VLOOKUP($A11,Equipos!$C$2:$M$967,2,FALSE()),"") -> Monitor Multiparámetros | C11: =IFERROR(VLOOKUP($A11,Equipos!$C$2:$M$967,9,FALSE()),"") -> DGM40015 | D11: =IFERROR(VLOOKUP($A11,Equipos!$C$2:$M$967,3,FALSE()),"") -> Pediatría | E11: =IFERROR(VLOOKUP($A11,Equipos!$C$2:$M$967,7,FALSE()),"") -> Bistos | F11: =IFERROR(VLOOKUP($A11,Equipos!$C$2:$M$967,8,FALSE()),"") -> BT-770 | G11: Enero | H11: Externo | J11: C2 | K11: =IFERROR(VLOOKUP($J11,Catálogos!$M$4:$N$17,2,FALSE()),"") -> Reprogramada · Equipo en servicio técnico | L11: 46037 | M11: En servicio técnico | N11: Personal externo | Q11: [Conciliación auto] Importado desde maestro · Importación #4
A12: 2-121538 | B12: =IFERROR(VLOOKUP($A12,Equipos!$C$2:$M$967,2,FALSE()),"") -> Monitor Multiparámetros | C12: =IFERROR(VLOOKUP($A12,Equipos!$C$2:$M$967,9,FALSE()),"") -> DGM40036 | D12: =IFERROR(VLOOKUP($A12,Equipos!$C$2:$M$967,3,FALSE()),"") -> Pediatría | E12: =IFERROR(VLOOKUP($A12,Equipos!$C$2:$M$967,7,FALSE()),"") -> Bistos | F12: =IFERROR(VLOOKUP($A12,Equipos!$C$2:$M$967,8,FALSE()),"") -> BT-770 | G12: Enero | H12: Externo | J12: C2 | K12: =IFERROR(VLOOKUP($J12,Catálogos!$M$4:$N$17,2,FALSE()),"") -> Reprogramada · Equipo en servicio técnico | L12: 46037 | M12: En servicio técnico | N12: Personal externo | Q12: [Conciliación auto] Importado desde maestro · Importación #4
A13: 2-121537 | B13: =IFERROR(VLOOKUP($A13,Equipos!$C$2:$M$967,2,FALSE()),"") -> Monitor Multiparámetros | C13: =IFERROR(VLOOKUP($A13,Equipos!$C$2:$M$967,9,FALSE()),"") -> DGM40021 | D13: =IFERROR(VLOOKUP($A13,Equipos!$C$2:$M$967,3,FALSE()),"") -> Pediatría | E13: =IFERROR(VLOOKUP($A13,Equipos!$C$2:$M$967,7,FALSE()),"") -> Bistos | F13: =IFERROR(VLOOKUP($A13,Equipos!$C$2:$M$967,8,FALSE()),"") -> BT-770 | G13: Enero | H13: Externo | J13: C2 | K13: =IFERROR(VLOOKUP($J13,Catálogos!$M$4:$N$17,2,FALSE()),"") -> Reprogramada · Equipo en servicio técnico | L13: 46037 | M13: En servicio técnico | N13: Personal externo | Q13: [Conciliación auto] Importado desde maestro · Importación #4
A14: 2-121536 | B14: =IFERROR(VLOOKUP($A14,Equipos!$C$2:$M$967,2,FALSE()),"") -> Monitor Multiparámetros | C14: =IFERROR(VLOOKUP($A14,Equipos!$C$2:$M$967,9,FALSE()),"") -> DGM40040 | D14: =IFERROR(VLOOKUP($A14,Equipos!$C$2:$M$967,3,FALSE()),"") -> Pediatría | E14: =IFERROR(VLOOKUP($A14,Equipos!$C$2:$M$967,7,FALSE()),"") -> Bistos | F14: =IFERROR(VLOOKUP($A14,Equipos!$C$2:$M$967,8,FALSE()),"") -> BT-770 | G14: Enero | H14: Externo | J14: C2 | K14: =IFERROR(VLOOKUP($J14,Catálogos!$M$4:$N$17,2,FALSE()),"") -> Reprogramada · Equipo en servicio técnico | L14: 46037 | M14: En servicio técnico | N14: Personal externo | Q14: [Conciliación auto] Importado desde maestro · Importación #4
A15: 2-121529 | B15: =IFERROR(VLOOKUP($A15,Equipos!$C$2:$M$967,2,FALSE()),"") -> Monitor Multiparámetros | C15: =IFERROR(VLOOKUP($A15,Equipos!$C$2:$M$967,9,FALSE()),"") -> DGM40016 | D15: =IFERROR(VLOOKUP($A15,Equipos!$C$2:$M$967,3,FALSE()),"") -> Cirugía Infantil | E15: =IFERROR(VLOOKUP($A15,Equipos!$C$2:$M$967,7,FALSE()),"") -> Bistos | F15: =IFERROR(VLOOKUP($A15,Equipos!$C$2:$M$967,8,FALSE()),"") -> BT-770 | G15: Enero | H15: Externo | J15: C5 | K15: =IFERROR(VLOOKUP($J15,Catálogos!$M$4:$N$17,2,FALSE()),"") -> Reprogramada · No disponibilidad de horas hombre del funcionario SEC por alta carga laboral | L15: 46037 | M15: Operativo | N15: Personal externo | Q15: [Conciliación auto] Importado desde maestro · Importación #4
A16: 2-121332 | B16: =IFERROR(VLOOKUP($A16,Equipos!$C$2:$M$967,2,FALSE()),"") -> Monitor Multiparámetros | C16: =IFERROR(VLOOKUP($A16,Equipos!$C$2:$M$967,9,FALSE()),"") -> DGLC0111 | D16: =IFERROR(VLOOKUP($A16,Equipos!$C$2:$M$967,3,FALSE()),"") -> Cirugía Infantil | E16: =IFERROR(VLOOKUP($A16,Equipos!$C$2:$M$967,7,FALSE()),"") -> Bistos | F16: =IFERROR(VLOOKUP($A16,Equipos!$C$2:$M$967,8,FALSE()),"") -> BT-770 | G16: Enero | H16: Externo | J16: C5 | K16: =IFERROR(VLOOKUP($J16,Catálogos!$M$4:$N$17,2,FALSE()),"") -> Reprogramada · No disponibilidad de horas hombre del funcionario SEC por alta carga laboral | L16: 46037 | M16: Operativo | N16: Personal externo | Q16: [Conciliación auto] Importado desde maestro · Importación #4
A17: 2-121317 | B17: =IFERROR(VLOOKUP($A17,Equipos!$C$2:$M$967,2,FALSE()),"") -> Monitor Multiparámetros | C17: =IFERROR(VLOOKUP($A17,Equipos!$C$2:$M$967,9,FALSE()),"") -> DGLC0125 | D17: =IFERROR(VLOOKUP($A17,Equipos!$C$2:$M$967,3,FALSE()),"") -> Medicina (Prestado a Pediatría) | E17: =IFERROR(VLOOKUP($A17,Equipos!$C$2:$M$967,7,FALSE()),"") -> Bistos | F17: =IFERROR(VLOOKUP($A17,Equipos!$C$2:$M$967,8,FALSE()),"") -> BT-770 | G17: Enero | H17: Externo | J17: C7 | K17: =IFERROR(VLOOKUP($J17,Catálogos!$M$4:$N$17,2,FALSE()),"") -> Reprogramada · Ausencia justificada del funcionario SEC superior a 15 días | L17: 46037 | M17: Operativo | N17: Personal externo | Q17: [Conciliación auto] Importado desde maestro · Importación #4
... A752: 2-116025 | B752: =IFERROR(VLOOKUP($A752,Equipos!$C$2:$M$967,2,FALSE()),"") -> Incubadora | C752: =IFERROR(VLOOKUP($A752,Equipos!$C$2:$M$967,9,FALSE()),"") -> ASLB-0010 | D752: =IFERROR(VLOOKUP($A752,Equipos!$C$2:$M$967,3,FALSE()),"") -> Neonatología | E752: =IFERROR(VLOOKUP($A752,Equipos!$C$2:$M$967,7,FALSE()),"") -> DRAGER | F752: =IFERROR(VLOOKUP($A752,Equipos!$C$2:$M$967,8,FALSE()),"") -> CALEO | G752: Marzo | H752: Externo | J752: Sí | K752: =IFERROR(VLOOKUP($J752,Catálogos!$M$4:$N$17,2,FALSE()),"") -> Mantención Preventiva Realizada | L752: 46096 | M752: Operativo | N752: Personal externo | Q752: [Conciliación auto] Importado desde maestro · Importación #4
A753: 2-133679 | B753: =IFERROR(VLOOKUP($A753,Equipos!$C$2:$M$967,2,FALSE()),"") -> Monitor Multiparámetros | C753: =IFERROR(VLOOKUP($A753,Equipos!$C$2:$M$967,9,FALSE()),"") -> JH01B910002 | D753: =IFERROR(VLOOKUP($A753,Equipos!$C$2:$M$967,3,FALSE()),"") -> CDT | E753: =IFERROR(VLOOKUP($A753,Equipos!$C$2:$M$967,7,FALSE()),"") -> Northern | F753: =IFERROR(VLOOKUP($A753,Equipos!$C$2:$M$967,8,FALSE()),"") -> Aquarius ECG | G753: Marzo | H753: Interno | J753: C5 | K753: =IFERROR(VLOOKUP($J753,Catálogos!$M$4:$N$17,2,FALSE()),"") -> Reprogramada · No disponibilidad de horas hombre del funcionario SEC por alta carga laboral | L753: 46112 | N753: Matías Soazo Garrido
A754: 2-133678 | B754: =IFERROR(VLOOKUP($A754,Equipos!$C$2:$M$967,2,FALSE()),"") -> Monitor Multiparámetros | C754: =IFERROR(VLOOKUP($A754,Equipos!$C$2:$M$967,9,FALSE()),"") -> JH01B910011 | D754: =IFERROR(VLOOKUP($A754,Equipos!$C$2:$M$967,3,FALSE()),"") -> CDT | E754: =IFERROR(VLOOKUP($A754,Equipos!$C$2:$M$967,7,FALSE()),"") -> Northern | F754: =IFERROR(VLOOKUP($A754,Equipos!$C$2:$M$967,8,FALSE()),"") -> Aquarius ECG | G754: Marzo | H754: Interno | J754: C5 | K754: =IFERROR(VLOOKUP($J754,Catálogos!$M$4:$N$17,2,FALSE()),"") -> Reprogramada · No disponibilidad de horas hombre del funcionario SEC por alta carga laboral | L754: 46112 | N754: Matías Soazo Garrido
A755: 2-133677 | B755: =IFERROR(VLOOKUP($A755,Equipos!$C$2:$M$967,2,FALSE()),"") -> Monitor Multiparámetros | C755: =IFERROR(VLOOKUP($A755,Equipos!$C$2:$M$967,9,FALSE()),"") -> JH01B910020 | D755: =IFERROR(VLOOKUP($A755,Equipos!$C$2:$M$967,3,FALSE()),"") -> CDT | E755: =IFERROR(VLOOKUP($A755,Equipos!$C$2:$M$967,7,FALSE()),"") -> Northern | F755: =IFERROR(VLOOKUP($A755,Equipos!$C$2:$M$967,8,FALSE()),"") -> Aquarius ECG | G755: Marzo | H755: Interno | J755: C5 | K755: =IFERROR(VLOOKUP($J755,Catálogos!$M$4:$N$17,2,FALSE()),"") -> Reprogramada · No disponibilidad de horas hombre del funcionario SEC por alta carga laboral | L755: 46112 | N755: Matías Soazo Garrido
A756: 2-133676 | B756: =IFERROR(VLOOKUP($A756,Equipos!$C$2:$M$967,2,FALSE()),"") -> Monitor Multiparámetros | C756: =IFERROR(VLOOKUP($A756,Equipos!$C$2:$M$967,9,FALSE()),"") -> JH01B910008 | D756: =IFERROR(VLOOKUP($A756,Equipos!$C$2:$M$967,3,FALSE()),"") -> CDT | E756: =IFERROR(VLOOKUP($A756,Equipos!$C$2:$M$967,7,FALSE()),"") -> Northern | F756: =IFERROR(VLOOKUP($A756,Equipos!$C$2:$M$967,8,FALSE()),"") -> Aquarius ECG | G756: Marzo | H756: Interno | J756: C5 | K756: =IFERROR(VLOOKUP($J756,Catálogos!$M$4:$N$17,2,FALSE()),"") -> Reprogramada · No disponibilidad de horas hombre del funcionario SEC por alta carga laboral | L756: 46112 | N756: Matías Soazo Garrido
A757: 2-121711 | B757: =IFERROR(VLOOKUP($A757,Equipos!$C$2:$M$967,2,FALSE()),"") -> Monitor Multiparámetros | C757: =IFERROR(VLOOKUP($A757,Equipos!$C$2:$M$967,9,FALSE()),"") -> CN92392265 | D757: =IFERROR(VLOOKUP($A757,Equipos!$C$2:$M$967,3,FALSE()),"") -> CDT | E757: =IFERROR(VLOOKUP($A757,Equipos!$C$2:$M$967,7,FALSE()),"") -> Philips | F757: =IFERROR(VLOOKUP($A757,Equipos!$C$2:$M$967,8,FALSE()),"") -> CM100 | G757: Marzo | H757: Interno | J757: C5 | K757: =IFERROR(VLOOKUP($J757,Catálogos!$M$4:$N$17,2,FALSE()),"") -> Reprogramada · No disponibilidad de horas hombre del funcionario SEC por alta carga laboral | L757: 46112 | N757: Matías Soazo Garrido
A758: 2-112577 | B758: =IFERROR(VLOOKUP($A758,Equipos!$C$2:$M$967,2,FALSE()),"") -> Monitor Multiparámetros | C758: =IFERROR(VLOOKUP($A758,Equipos!$C$2:$M$967,9,FALSE()),"") -> 23307030152 | D758: =IFERROR(VLOOKUP($A758,Equipos!$C$2:$M$967,3,FALSE()),"") -> Cardiología | E758: =IFERROR(VLOOKUP($A758,Equipos!$C$2:$M$967,7,FALSE()),"") -> Nellcor | F758: =IFERROR(VLOOKUP($A758,Equipos!$C$2:$M$967,8,FALSE()),"") -> M5600-LA | G758: Marzo | H758: Interno | J758: C5 | K758: =IFERROR(VLOOKUP($J758,Catálogos!$M$4:$N$17,2,FALSE()),"") -> Reprogramada · No disponibilidad de horas hombre del funcionario SEC por alta carga laboral | L758: 46112 | N758: Matías Soazo Garrido
A759: 2-008451 | B759: =IFERROR(VLOOKUP($A759,Equipos!$C$2:$M$967,2,FALSE()),"") -> Monitor Multiparámetros | C759: =IFERROR(VLOOKUP($A759,Equipos!$C$2:$M$967,9,FALSE()),"") -> 1029 | D759: =IFERROR(VLOOKUP($A759,Equipos!$C$2:$M$967,3,FALSE()),"") -> CDT | E759: =IFERROR(VLOOKUP($A759,Equipos!$C$2:$M$967,7,FALSE()),"") -> Nihon Kohden | F759: =IFERROR(VLOOKUP($A759,Equipos!$C$2:$M$967,8,FALSE()),"") -> BSM-6301K | G759: Marzo | H759: Interno | J759: C5 | K759: =IFERROR(VLOOKUP($J759,Catálogos!$M$4:$N$17,2,FALSE()),"") -> Reprogramada · No disponibilidad de horas hombre del funcionario SEC por alta carga laboral | L759: 46112 | N759: Matías Soazo Garrido
A760: 2-112502 | B760: =IFERROR(VLOOKUP($A760,Equipos!$C$2:$M$967,2,FALSE()),"") -> Monitor Multiparámetros | C760: =IFERROR(VLOOKUP($A760,Equipos!$C$2:$M$967,9,FALSE()),"") -> 5395660070 | D760: =IFERROR(VLOOKUP($A760,Equipos!$C$2:$M$967,3,FALSE()),"") -> Cardiología | E760: =IFERROR(VLOOKUP($A760,Equipos!$C$2:$M$967,7,FALSE()),"") -> Drager | F760: =IFERROR(VLOOKUP($A760,Equipos!$C$2:$M$967,8,FALSE()),"") -> Infinity Vista | G760: Marzo | H760: Interno | J760: C5 | K760: =IFERROR(VLOOKUP($J760,Catálogos!$M$4:$N$17,2,FALSE()),"") -> Reprogramada · No disponibilidad de horas hombre del funcionario SEC por alta carga laboral | L760: 46112 | N760: Matías Soazo Garrido
A761: 2-117816 | B761: =IFERROR(VLOOKUP($A761,Equipos!$C$2:$M$967,2,FALSE()),"") -> Máquina de Anestesia | C761: =IFERROR(VLOOKUP($A761,Equipos!$C$2:$M$967,9,FALSE()),"") -> ASMB-0231 | D761: =IFERROR(VLOOKUP($A761,Equipos!$C$2:$M$967,3,FALSE()),"") -> Pabellón Quirúrgico | E761: =IFERROR(VLOOKUP($A761,Equipos!$C$2:$M$967,7,FALSE()),"") -> Drager | F761: =IFERROR(VLOOKUP($A761,Equipos!$C$2:$M$967,8,FALSE()),"") -> Primus IE | G761: Marzo | H761: Interno | J761: C3 | K761: =IFERROR(VLOOKUP($J761,Catálogos!$M$4:$N$17,2,FALSE()),"") -> Reprogramada · Equipo no operativo, a la espera de repuestos o accesorios | L761: 46112 | M761: No operativo | N761: Cristina Rozas Urrutia
A762: 2-120325 | B762: =IFERROR(VLOOKUP($A762,Equipos!$C$2:$M$967,2,FALSE()),"") -> Ventilador Mecánico | C762: =IFERROR(VLOOKUP($A762,Equipos!$C$2:$M$967,9,FALSE()),"") -> MV2000TA1F0353 | D762: =IFERROR(VLOOKUP($A762,Equipos!$C$2:$M$967,3,FALSE()),"") -> UPC Adulto | E762: =IFERROR(VLOOKUP($A762,Equipos!$C$2:$M$967,7,FALSE()),"") -> MEK ICS | F762: =IFERROR(VLOOKUP($A762,Equipos!$C$2:$M$967,8,FALSE()),"") -> MV2000 EVO5 | G762: Abril | H762: Interno | J762: Sí | K762: =IFERROR(VLOOKUP($J762,Catálogos!$M$4:$N$17,2,FALSE()),"") -> Mantención Preventiva Realizada | L762: 46113 | M762: No operativo | N762: Ricardo Matus Aroca | Q762: Equipo con falla de software se requiere enviar a santiago para revisar
A763: 2-013590 | B763: =IFERROR(VLOOKUP($A763,Equipos!$C$2:$M$967,2,FALSE()),"") -> Ventilador Mecánico | C763: =IFERROR(VLOOKUP($A763,Equipos!$C$2:$M$967,9,FALSE()),"") -> ASFN-0008 | D763: =IFERROR(VLOOKUP($A763,Equipos!$C$2:$M$967,3,FALSE()),"") -> UPC Adulto | E763: =IFERROR(VLOOKUP($A763,Equipos!$C$2:$M$967,7,FALSE()),"") -> Drager | F763: =IFERROR(VLOOKUP($A763,Equipos!$C$2:$M$967,8,FALSE()),"") -> Carina | G763: Abril | H763: Interno | J763: C3 | K763: =IFERROR(VLOOKUP($J763,Catálogos!$M$4:$N$17,2,FALSE()),"") -> Reprogramada · Equipo no operativo, a la espera de repuestos o accesorios | L763: 46117 | M763: No operativo | N763: Ricardo Matus Aroca
A764: 200717-005511 | B764: =IFERROR(VLOOKUP($A764,Equipos!$C$2:$M$967,2,FALSE()),"") -> Ventilador Mecánico | C764: =IFERROR(VLOOKUP($A764,Equipos!$C$2:$M$967,9,FALSE()),"") -> 3512202231 | D764: =IFERROR(VLOOKUP($A764,Equipos!$C$2:$M$967,3,FALSE()),"") -> UPC 3er Piso | E764: =IFERROR(VLOOKUP($A764,Equipos!$C$2:$M$967,7,FALSE()),"") -> Puritan Bennett | F764: =IFERROR(VLOOKUP($A764,Equipos!$C$2:$M$967,8,FALSE()),"") -> 840 | G764: Abril | H764: Interno | J764: Sí | K764: =IFERROR(VLOOKUP($J764,Catálogos!$M$4:$N$17,2,FALSE()),"") -> Mantención Preventiva Realizada | L764: 46118 | M764: Operativo | N764: Ricardo Matus Aroca
A765: 2-027447 | B765: =IFERROR(VLOOKUP($A765,Equipos!$C$2:$M$967,2,FALSE()),"") -> Monitor Multiparámetros | C765: =IFERROR(VLOOKUP($A765,Equipos!$C$2:$M$967,9,FALSE()),"") -> US74915955 | D765: =IFERROR(VLOOKUP($A765,Equipos!$C$2:$M$967,3,FALSE()),"") -> Hospitalización Domiciliaria | E765: =IFERROR(VLOOKUP($A765,Equipos!$C$2:$M$967,7,FALSE()),"") -> Philips | F765: =IFERROR(VLOOKUP($A765,Equipos!$C$2:$M$967,8,FALSE()),"") -> VM6 | G765: Abril | H765: Interno | J765: Sí | K765: =IFERROR(VLOOKUP($J765,Catálogos!$M$4:$N$17,2,FALSE()),"") -> Mantención Preventiva Realizada | L765: 46121 | M765: Operativo | N765: Daniel Díaz Neira
A766: 2-024418 | B766: =IFERROR(VLOOKUP($A766,Equipos!$C$2:$M$967,2,FALSE()),"") -> Desfibrilador | C766: =IFERROR(VLOOKUP($A766,Equipos!$C$2:$M$967,9,FALSE()),"") -> 40979213 | D766: =IFERROR(VLOOKUP($A766,Equipos!$C$2:$M$967,3,FALSE()),"") -> Pabellón Quirúrgico | E766: =IFERROR(VLOOKUP($A766,Equipos!$C$2:$M$967,7,FALSE()),"") -> Medtronic | F766: =IFERROR(VLOOKUP($A766,Equipos!$C$2:$M$967,8,FALSE()),"") -> Lifepack 20 | G766: Abril | H766: Interno | J766: Sí | K766: =IFERROR(VLOOKUP($J766,Catálogos!$M$4:$N$17,2,FALSE()),"") -> Mantención Preventiva Realizada | L766: 46123 | M766: No operativo | N766: Carlos Bahamondes Seguel | Q766: Equipo no cuenta con cable ECG, se debe cambiar bateria
A767: 2-119181 | B767: =IFERROR(VLOOKUP($A767,Equipos!$C$2:$M$967,2,FALSE()),"") -> Desfibrilador | C767: =IFERROR(VLOOKUP($A767,Equipos!$C$2:$M$967,9,FALSE()),"") -> (21)AF19K107388 | D767: =IFERROR(VLOOKUP($A767,Equipos!$C$2:$M$967,3,FALSE()),"") -> Pabellón Quirúrgico | E767: =IFERROR(VLOOKUP($A767,Equipos!$C$2:$M$967,7,FALSE()),"") -> Zoll | F767: =IFERROR(VLOOKUP($A767,Equipos!$C$2:$M$967,8,FALSE()),"") -> R SERIES ALS | G767: Abril | H767: Interno | J767: Sí | K767: =IFERROR(VLOOKUP($J767,Catálogos!$M$4:$N$17,2,FALSE()),"") -> Mantención Preventiva Realizada | L767: 46123 | M767: Operativo | N767: Carlos Bahamondes Seguel
A768: 2-119179 | B768: =IFERROR(VLOOKUP($A768,Equipos!$C$2:$M$967,2,FALSE()),"") -> Desfibrilador | C768: =IFERROR(VLOOKUP($A768,Equipos!$C$2:$M$967,9,FALSE()),"") -> (21)AF19K107393 | D768: =IFERROR(VLOOKUP($A768,Equipos!$C$2:$M$967,3,FALSE()),"") -> Pabellón Quirúrgico | E768: =IFERROR(VLOOKUP($A768,Equipos!$C$2:$M$967,7,FALSE()),"") -> Zoll | F768: =IFERROR(VLOOKUP($A768,Equipos!$C$2:$M$967,8,FALSE()),"") -> R SERIES ALS | G768: Abril | H768: Interno | J768: Sí | K768: =IFERROR(VLOOKUP($J768,Catálogos!$M$4:$N$17,2,FALSE()),"") -> Mantención Preventiva Realizada | L768: 46123 | M768: Operativo | N768: Carlos Bahamondes Seguel
A769: 2-119182 | B769: =IFERROR(VLOOKUP($A769,Equipos!$C$2:$M$967,2,FALSE()),"") -> Desfibrilador | C769: =IFERROR(VLOOKUP($A769,Equipos!$C$2:$M$967,9,FALSE()),"") -> (21)AF19K107390 | D769: =IFERROR(VLOOKUP($A769,Equipos!$C$2:$M$967,3,FALSE()),"") -> Pabellón (Recuperación) | E769: =IFERROR(VLOOKUP($A769,Equipos!$C$2:$M$967,7,FALSE()),"") -> Zoll | F769: =IFERROR(VLOOKUP($A769,Equipos!$C$2:$M$967,8,FALSE()),"") -> R SERIES ALS | G769: Abril | H769: Interno | J769: Sí | K769: =IFERROR(VLOOKUP($J769,Catálogos!$M$4:$N$17,2,FALSE()),"") -> Mantención Preventiva Realizada | L769: 46123 | M769: Operativo | N769: Carlos Bahamondes Seguel | Q769: Se recomienda cambio de la perilla. Soporte metálico del suero perteneciente al carro de paro, se encuentra quebrado en el bloqueo
A770: 2-112001 | B770: =IFERROR(VLOOKUP($A770,Equipos!$C$2:$M$967,2,FALSE()),"") -> Desfibrilador | C770: =IFERROR(VLOOKUP($A770,Equipos!$C$2:$M$967,9,FALSE()),"") -> 946 | D770: =IFERROR(VLOOKUP($A770,Equipos!$C$2:$M$967,3,FALSE()),"") -> Urgencia Adulto | E770: =IFERROR(VLOOKUP($A770,Equipos!$C$2:$M$967,7,FALSE()),"") -> NIHON KOHDEN | F770: =IFERROR(VLOOKUP($A770,Equipos!$C$2:$M$967,8,FALSE()),"") -> TEC-8352K | G770: Abril | H770: Interno | J770: Sí | K770: =IFERROR(VLOOKUP($J770,Catálogos!$M$4:$N$17,2,FALSE()),"") -> Mantención Preventiva Realizada | L770: 46123 | M770: Operativo | N770: Carlos Bahamondes Seguel
A771: 121010-019639 | B771: =IFERROR(VLOOKUP($A771,Equipos!$C$2:$M$967,2,FALSE()),"") -> Desfibrilador | C771: =IFERROR(VLOOKUP($A771,Equipos!$C$2:$M$967,9,FALSE()),"") -> BA19F000013 | D771: =IFERROR(VLOOKUP($A771,Equipos!$C$2:$M$967,3,FALSE()),"") -> SAMU | E771: =IFERROR(VLOOKUP($A771,Equipos!$C$2:$M$967,7,FALSE()),"") -> Zoll | F771: =IFERROR(VLOOKUP($A771,Equipos!$C$2:$M$967,8,FALSE()),"") -> M2 | G771: Abril | H771: Interno | J771: Sí | K771: =IFERROR(VLOOKUP($J771,Catálogos!$M$4:$N$17,2,FALSE()),"") -> Mantención Preventiva Realizada | L771: 46125 | M771: Operativo | N771: Carlos Bahamondes Seguel
A772: 2-113491 | B772: =IFERROR(VLOOKUP($A772,Equipos!$C$2:$M$967,2,FALSE()),"") -> Desfibrilador | C772: =IFERROR(VLOOKUP($A772,Equipos!$C$2:$M$967,9,FALSE()),"") -> 41204CM7004 | D772: =IFERROR(VLOOKUP($A772,Equipos!$C$2:$M$967,3,FALSE()),"") -> SAMU | E772: =IFERROR(VLOOKUP($A772,Equipos!$C$2:$M$967,7,FALSE()),"") -> Instramed | F772: =IFERROR(VLOOKUP($A772,Equipos!$C$2:$M$967,8,FALSE()),"") -> Cardiomax 8 Series | G772: Abril | H772: Interno | J772: Sí | K772: =IFERROR(VLOOKUP($J772,Catálogos!$M$4:$N$17,2,FALSE()),"") -> Mantención Preventiva Realizada | L772: 46125 | M772: Operativo | N772: Carlos Bahamondes Seguel
A773: 2-006472 | B773: =IFERROR(VLOOKUP($A773,Equipos!$C$2:$M$967,2,FALSE()),"") -> Desfibrilador | C773: =IFERROR(VLOOKUP($A773,Equipos!$C$2:$M$967,9,FALSE()),"") -> DG-29006896 | D773: =IFERROR(VLOOKUP($A773,Equipos!$C$2:$M$967,3,FALSE()),"") -> Hemodiálisis (Prestado a SAMU) | E773: =IFERROR(VLOOKUP($A773,Equipos!$C$2:$M$967,7,FALSE()),"") -> Mindray | F773: =IFERROR(VLOOKUP($A773,Equipos!$C$2:$M$967,8,FALSE()),"") -> BeneHeart D6 | G773: Abril | H773: Interno | J773: Sí | K773: =IFERROR(VLOOKUP($J773,Catálogos!$M$4:$N$17,2,FALSE()),"") -> Mantención Preventiva Realizada | L773: 46125 | M773: Operativo | N773: Carlos Bahamondes Seguel | Q773: 1 bateria instalada
A774: 2-112000 | B774: =IFERROR(VLOOKUP($A774,Equipos!$C$2:$M$967,2,FALSE()),"") -> Desfibrilador | C774: =IFERROR(VLOOKUP($A774,Equipos!$C$2:$M$967,9,FALSE()),"") -> 932 | D774: =IFERROR(VLOOKUP($A774,Equipos!$C$2:$M$967,3,FALSE()),"") -> SAMU | E774: =IFERROR(VLOOKUP($A774,Equipos!$C$2:$M$967,7,FALSE()),"") -> NIHON KOHDEN | F774: =IFERROR(VLOOKUP($A774,Equipos!$C$2:$M$967,8,FALSE()),"") -> TEC-8352K | G774: Abril | H774: Interno | J774: Sí | K774: =IFERROR(VLOOKUP($J774,Catálogos!$M$4:$N$17,2,FALSE()),"") -> Mantención Preventiva Realizada | L774: 46126 | M774: Operativo | N774: Carlos Bahamondes Seguel
A775: 2-027619 | B775: =IFERROR(VLOOKUP($A775,Equipos!$C$2:$M$967,2,FALSE()),"") -> Máquina Diálisis | C775: =IFERROR(VLOOKUP($A775,Equipos!$C$2:$M$967,9,FALSE()),"") -> 5SXAEL58 | D775: =IFERROR(VLOOKUP($A775,Equipos!$C$2:$M$967,3,FALSE()),"") -> UPC Adulto | E775: =IFERROR(VLOOKUP($A775,Equipos!$C$2:$M$967,7,FALSE()),"") -> Fresenius | F775: =IFERROR(VLOOKUP($A775,Equipos!$C$2:$M$967,8,FALSE()),"") -> 4008S | G775: Abril | H775: Externo | J775: Sí | K775: =IFERROR(VLOOKUP($J775,Catálogos!$M$4:$N$17,2,FALSE()),"") -> Mantención Preventiva Realizada | L775: 46127 | M775: Operativo | N775: Personal externo | Q775: [Conciliación auto] Importado desde maestro · Importación #4
A776: 2-111213 | B776: =IFERROR(VLOOKUP($A776,Equipos!$C$2:$M$967,2,FALSE()),"") -> Máquina Diálisis | C776: =IFERROR(VLOOKUP($A776,Equipos!$C$2:$M$967,9,FALSE()),"") -> 5SXAEL57 | D776: =IFERROR(VLOOKUP($A776,Equipos!$C$2:$M$967,3,FALSE()),"") -> UPC Adulto | E776: =IFERROR(VLOOKUP($A776,Equipos!$C$2:$M$967,7,FALSE()),"") -> Fresenius | F776: =IFERROR(VLOOKUP($A776,Equipos!$C$2:$M$967,8,FALSE()),"") -> 4008S | G776: Abril | H776: Externo | J776: Sí | K776: =IFERROR(VLOOKUP($J776,Catálogos!$M$4:$N$17,2,FALSE()),"") -> Mantención Preventiva Realizada | L776: 46127 | M776: Operativo | N776: Personal externo | Q776: [Conciliación auto] Importado desde maestro · Importación #4
A777: 2-013586 | B777: =IFERROR(VLOOKUP($A777,Equipos!$C$2:$M$967,2,FALSE()),"") -> Máquina Diálisis | C777: =IFERROR(VLOOKUP($A777,Equipos!$C$2:$M$967,9,FALSE()),"") -> 5SXAEL56 | D777: =IFERROR(VLOOKUP($A777,Equipos!$C$2:$M$967,3,FALSE()),"") -> UPC Adulto | E777: =IFERROR(VLOOKUP($A777,Equipos!$C$2:$M$967,7,FALSE()),"") -> Fresenius | F777: =IFERROR(VLOOKUP($A777,Equipos!$C$2:$M$967,8,FALSE()),"") -> 4008S | G777: Abril | H777: Externo | J777: Sí | K777: =IFERROR(VLOOKUP($J777,Catálogos!$M$4:$N$17,2,FALSE()),"") -> Mantención Preventiva Realizada | L777: 46127 | M777: Operativo | N777: Personal externo | Q777: [Conciliación auto] Importado desde maestro · Importación #4
A778: 2-016016 | B778: =IFERROR(VLOOKUP($A778,Equipos!$C$2:$M$967,2,FALSE()),"") -> Máquina Diálisis | C778: =IFERROR(VLOOKUP($A778,Equipos!$C$2:$M$967,9,FALSE()),"") -> PA10283 | D778: =IFERROR(VLOOKUP($A778,Equipos!$C$2:$M$967,3,FALSE()),"") -> UPC Pediátrica | E778: =IFERROR(VLOOKUP($A778,Equipos!$C$2:$M$967,7,FALSE()),"") -> Gambro | F778: =IFERROR(VLOOKUP($A778,Equipos!$C$2:$M$967,8,FALSE()),"") -> Prismaflex | G778: Abril | H778: Externo | J778: Sí | K778: =IFERROR(VLOOKUP($J778,Catálogos!$M$4:$N$17,2,FALSE()),"") -> Mantención Preventiva Realizada | L778: 46127 | M778: Operativo | N778: Personal externo | Q778: [Conciliación auto] Importado desde maestro · Importación #4
A779: 2-133200 | B779: =IFERROR(VLOOKUP($A779,Equipos!$C$2:$M$967,2,FALSE()),"") -> Máquina Diálisis | C779: =IFERROR(VLOOKUP($A779,Equipos!$C$2:$M$967,9,FALSE()),"") -> 2FTG6884 | D779: =IFERROR(VLOOKUP($A779,Equipos!$C$2:$M$967,3,FALSE()),"") -> UPC Adulto | E779: =IFERROR(VLOOKUP($A779,Equipos!$C$2:$M$967,7,FALSE()),"") -> Fresenius | F779: =IFERROR(VLOOKUP($A779,Equipos!$C$2:$M$967,8,FALSE()),"") -> MultiFiltrate PRO | G779: Abril | H779: Externo | J779: Sí | K779: =IFERROR(VLOOKUP($J779,Catálogos!$M$4:$N$17,2,FALSE()),"") -> Mantención Preventiva Realizada | L779: 46127 | M779: Operativo | N779: Personal externo | Q779: [Conciliación auto] Importado desde maestro · Importación #4
A780: 2-133199 | B780: =IFERROR(VLOOKUP($A780,Equipos!$C$2:$M$967,2,FALSE()),"") -> Máquina Diálisis | C780: =IFERROR(VLOOKUP($A780,Equipos!$C$2:$M$967,9,FALSE()),"") -> 2FTG6885 | D780: =IFERROR(VLOOKUP($A780,Equipos!$C$2:$M$967,3,FALSE()),"") -> UPC Adulto | E780: =IFERROR(VLOOKUP($A780,Equipos!$C$2:$M$967,7,FALSE()),"") -> Fresenius | F780: =IFERROR(VLOOKUP($A780,Equipos!$C$2:$M$967,8,FALSE()),"") -> MultiFiltrate PRO | G780: Abril | H780: Externo | J780: Sí | K780: =IFERROR(VLOOKUP($J780,Catálogos!$M$4:$N$17,2,FALSE()),"") -> Mantención Preventiva Realizada | L780: 46127 | M780: Operativo | N780: Personal externo | Q780: [Conciliación auto] Importado desde maestro · Importación #4
A781: 2-133198 | B781: =IFERROR(VLOOKUP($A781,Equipos!$C$2:$M$967,2,FALSE()),"") -> Máquina Diálisis | C781: =IFERROR(VLOOKUP($A781,Equipos!$C$2:$M$967,9,FALSE()),"") -> 2FTG6886 | D781: =IFERROR(VLOOKUP($A781,Equipos!$C$2:$M$967,3,FALSE()),"") -> UPC Adulto | E781: =IFERROR(VLOOKUP($A781,Equipos!$C$2:$M$967,7,FALSE()),"") -> Fresenius | F781: =IFERROR(VLOOKUP($A781,Equipos!$C$2:$M$967,8,FALSE()),"") -> MultiFiltrate PRO | G781: Abril | H781: Externo | J781: Sí | K781: =IFERROR(VLOOKUP($J781,Catálogos!$M$4:$N$17,2,FALSE()),"") -> Mantención Preventiva Realizada | L781: 46127 | M781: Operativo | N781: Personal externo | Q781: [Conciliación auto] Importado desde maestro · Importación #4
A782: 2-121792 | B782: =IFERROR(VLOOKUP($A782,Equipos!$C$2:$M$967,2,FALSE()),"") -> Monitor Multiparámetros | C782: =IFERROR(VLOOKUP($A782,Equipos!$C$2:$M$967,9,FALSE()),"") -> CN92395203 | D782: =IFERROR(VLOOKUP($A782,Equipos!$C$2:$M$967,3,FALSE()),"") -> Endoscopía | E782: =IFERROR(VLOOKUP($A782,Equipos!$C$2:$M$967,7,FALSE()),"") -> Philips | F782: =IFERROR(VLOOKUP($A782,Equipos!$C$2:$M$967,8,FALSE()),"") -> CM120 | G782: Abril | H782: Externo | J782: Sí | K782: =IFERROR(VLOOKUP($J782,Catálogos!$M$4:$N$17,2,FALSE()),"") -> Mantención Preventiva Realizada | L782: 46127 | M782: Operativo | N782: Personal externo | Q782: [Conciliación auto] Importado desde maestro · Importación #4
A783: 2-121791 | B783: =IFERROR(VLOOKUP($A783,Equipos!$C$2:$M$967,2,FALSE()),"") -> Monitor Multiparámetros | C783: =IFERROR(VLOOKUP($A783,Equipos!$C$2:$M$967,9,FALSE()),"") -> CN92395201 | D783: =IFERROR(VLOOKUP($A783,Equipos!$C$2:$M$967,3,FALSE()),"") -> Endoscopía | E783: =IFERROR(VLOOKUP($A783,Equipos!$C$2:$M$967,7,FALSE()),"") -> Philips | F783: =IFERROR(VLOOKUP($A783,Equipos!$C$2:$M$967,8,FALSE()),"") -> CM120 | G783: Abril | H783: Externo | J783: Sí | K783: =IFERROR(VLOOKUP($J783,Catálogos!$M$4:$N$17,2,FALSE()),"") -> Mantención Preventiva Realizada | L783: 46127 | M783: Operativo | N783: Personal externo | Q783: [Conciliación auto] Importado desde maestro · Importación #4
A784: 2-121717 | B784: =IFERROR(VLOOKUP($A784,Equipos!$C$2:$M$967,2,FALSE()),"") -> Monitor Multiparámetros | C784: =IFERROR(VLOOKUP($A784,Equipos!$C$2:$M$967,9,FALSE()),"") -> CN92392264 | D784: =IFERROR(VLOOKUP($A784,Equipos!$C$2:$M$967,3,FALSE()),"") -> Quimioterapia Ambulatoria Adulto | E784: =IFERROR(VLOOKUP($A784,Equipos!$C$2:$M$967,7,FALSE()),"") -> Philips | F784: =IFERROR(VLOOKUP($A784,Equipos!$C$2:$M$967,8,FALSE()),"") -> CM100 | G784: Abril | H784: Externo | J784: Sí | K784: =IFERROR(VLOOKUP($J784,Catálogos!$M$4:$N$17,2,FALSE()),"") -> Mantención Preventiva Realizada | L784: 46127 | M784: Operativo | N784: Personal externo | Q784: [Conciliación auto] Importado desde maestro · Importación #4
A785: 2-121716 | B785: =IFERROR(VLOOKUP($A785,Equipos!$C$2:$M$967,2,FALSE()),"") -> Monitor Multiparámetros | C785: =IFERROR(VLOOKUP($A785,Equipos!$C$2:$M$967,9,FALSE()),"") -> CN92392230 | D785: =IFERROR(VLOOKUP($A785,Equipos!$C$2:$M$967,3,FALSE()),"") -> Quimioterapia Ambulatoria Adulto | E785: =IFERROR(VLOOKUP($A785,Equipos!$C$2:$M$967,7,FALSE()),"") -> Philips | F785: =IFERROR(VLOOKUP($A785,Equipos!$C$2:$M$967,8,FALSE()),"") -> CM100 | G785: Abril | H785: Externo | J785: Sí | K785: =IFERROR(VLOOKUP($J785,Catálogos!$M$4:$N$17,2,FALSE()),"") -> Mantención Preventiva Realizada | L785: 46127 | M785: Operativo | N785: Personal externo | Q785: [Conciliación auto] Importado desde maestro · Importación #4
A786: 2-121715 | B786: =IFERROR(VLOOKUP($A786,Equipos!$C$2:$M$967,2,FALSE()),"") -> Monitor Multiparámetros | C786: =IFERROR(VLOOKUP($A786,Equipos!$C$2:$M$967,9,FALSE()),"") -> CN92392229 | D786: =IFERROR(VLOOKUP($A786,Equipos!$C$2:$M$967,3,FALSE()),"") -> Quimioterapia Ambulatoria Adulto | E786: =IFERROR(VLOOKUP($A786,Equipos!$C$2:$M$967,7,FALSE()),"") -> Philips | F786: =IFERROR(VLOOKUP($A786,Equipos!$C$2:$M$967,8,FALSE()),"") -> CM100 | G786: Abril | H786: Externo | J786: Sí | K786: =IFERROR(VLOOKUP($J786,Catálogos!$M$4:$N$17,2,FALSE()),"") -> Mantención Preventiva Realizada | L786: 46127 | M786: Operativo | N786: Personal externo | Q786: [Conciliación auto] Importado desde maestro · Importación #4
... A954: 2-017350 | B954: =IFERROR(VLOOKUP($A954,Equipos!$C$2:$M$967,2,FALSE()),"") -> Máquina de Anestesia | C954: =IFERROR(VLOOKUP($A954,Equipos!$C$2:$M$967,9,FALSE()),"") -> ARYA-0174 | D954: =IFERROR(VLOOKUP($A954,Equipos!$C$2:$M$967,3,FALSE()),"") -> Pabellón Quirúrgico | E954: =IFERROR(VLOOKUP($A954,Equipos!$C$2:$M$967,7,FALSE()),"") -> Drager | F954: =IFERROR(VLOOKUP($A954,Equipos!$C$2:$M$967,8,FALSE()),"") -> Primus | G954: Abril | H954: Interno | J954: Sí | K954: =IFERROR(VLOOKUP($J954,Catálogos!$M$4:$N$17,2,FALSE()),"") -> Mantención Preventiva Realizada | L954: 46131 | M954: Operativo | N954: Ricardo Matus Aroca | Q954: Observaciones: Canister de cal sodada recibido desarmado, sin cal ni filtro rojo. Conector de trampa de agua roto (reemplazado en sitio). Rodamientos sueltos en riel de VGC. Riel de cajón suelto. Regulador de oxígeno al límite de rango. Sistema interlock sin barra intermedia. Baterías con voltaje y duración dentro de rango, pero sistema arroja alarma. Las observaciones no afectan el funcionamiento normal. Equipo operativo. Recomendaciones: Reemplazar rodamientos y riel de cajón de VGC. Reemplazar regulador de oxígeno. Reemplazar baterías. Pendientes: Cotizar repuestos para las reparaciones. Reparar sistema interlock (instalación de barra intermedia).
A955: 2-117350 | B955: =IFERROR(VLOOKUP($A955,Equipos!$C$2:$M$967,2,FALSE()),"") -> Monitor Multiparámetros | C955: =IFERROR(VLOOKUP($A955,Equipos!$C$2:$M$967,9,FALSE()),"") -> G3FPB0029 | D955: =IFERROR(VLOOKUP($A955,Equipos!$C$2:$M$967,3,FALSE()),"") -> Servicio Social | E955: =IFERROR(VLOOKUP($A955,Equipos!$C$2:$M$967,7,FALSE()),"") -> General Meditech | F955: =IFERROR(VLOOKUP($A955,Equipos!$C$2:$M$967,8,FALSE()),"") -> G3F | G955: Abril | H955: Interno | J955: Sí | K955: =IFERROR(VLOOKUP($J955,Catálogos!$M$4:$N$17,2,FALSE()),"") -> Mantención Preventiva Realizada | L955: 46132 | M955: Operativo | N955: Daniel Díaz Neira
A956: 2-121003 | B956: =IFERROR(VLOOKUP($A956,Equipos!$C$2:$M$967,2,FALSE()),"") -> Monitor Multiparámetros | C956: =IFERROR(VLOOKUP($A956,Equipos!$C$2:$M$967,9,FALSE()),"") -> J3300QF04724 | D956: =IFERROR(VLOOKUP($A956,Equipos!$C$2:$M$967,3,FALSE()),"") -> Servicio Social | E956: =IFERROR(VLOOKUP($A956,Equipos!$C$2:$M$967,7,FALSE()),"") -> Creative Medical | F956: =IFERROR(VLOOKUP($A956,Equipos!$C$2:$M$967,8,FALSE()),"") -> UP-7000 | G956: Abril | H956: Interno | J956: Sí | K956: =IFERROR(VLOOKUP($J956,Catálogos!$M$4:$N$17,2,FALSE()),"") -> Mantención Preventiva Realizada | L956: 46132 | M956: Operativo | N956: Daniel Díaz Neira
A957: 2-125217 | B957: =IFERROR(VLOOKUP($A957,Equipos!$C$2:$M$967,2,FALSE()),"") -> Monitor Multiparámetros | C957: =IFERROR(VLOOKUP($A957,Equipos!$C$2:$M$967,9,FALSE()),"") -> 10912 | D957: =IFERROR(VLOOKUP($A957,Equipos!$C$2:$M$967,3,FALSE()),"") -> SAMU | E957: =IFERROR(VLOOKUP($A957,Equipos!$C$2:$M$967,7,FALSE()),"") -> Nihon Kohden | F957: =IFERROR(VLOOKUP($A957,Equipos!$C$2:$M$967,8,FALSE()),"") -> BSM-1763 | G957: Abril | H957: Interno | J957: Sí | K957: =IFERROR(VLOOKUP($J957,Catálogos!$M$4:$N$17,2,FALSE()),"") -> Mantención Preventiva Realizada | L957: 46132 | M957: Operativo | N957: Daniel Díaz Neira
A958: 2-008465 | B958: =IFERROR(VLOOKUP($A958,Equipos!$C$2:$M$967,2,FALSE()),"") -> Monitor Multiparámetros | C958: =IFERROR(VLOOKUP($A958,Equipos!$C$2:$M$967,9,FALSE()),"") -> 1040 | D958: =IFERROR(VLOOKUP($A958,Equipos!$C$2:$M$967,3,FALSE()),"") -> SAMU | E958: =IFERROR(VLOOKUP($A958,Equipos!$C$2:$M$967,7,FALSE()),"") -> Nihon Kohden | F958: =IFERROR(VLOOKUP($A958,Equipos!$C$2:$M$967,8,FALSE()),"") -> BSM-6301K | G958: Abril | H958: Interno | J958: Sí | K958: =IFERROR(VLOOKUP($J958,Catálogos!$M$4:$N$17,2,FALSE()),"") -> Mantención Preventiva Realizada | L958: 46132 | M958: Operativo | N958: Daniel Díaz Neira
A959: 2-125218 | B959: =IFERROR(VLOOKUP($A959,Equipos!$C$2:$M$967,2,FALSE()),"") -> Monitor Multiparámetros | C959: =IFERROR(VLOOKUP($A959,Equipos!$C$2:$M$967,9,FALSE()),"") -> 10919 | D959: =IFERROR(VLOOKUP($A959,Equipos!$C$2:$M$967,3,FALSE()),"") -> SAMU | E959: =IFERROR(VLOOKUP($A959,Equipos!$C$2:$M$967,7,FALSE()),"") -> Nihon Kohden | F959: =IFERROR(VLOOKUP($A959,Equipos!$C$2:$M$967,8,FALSE()),"") -> BSM-1763 | G959: Abril | H959: Interno | J959: Sí | K959: =IFERROR(VLOOKUP($J959,Catálogos!$M$4:$N$17,2,FALSE()),"") -> Mantención Preventiva Realizada | L959: 46132 | M959: Operativo | N959: Daniel Díaz Neira
A960: 2-118850 | B960: =IFERROR(VLOOKUP($A960,Equipos!$C$2:$M$967,2,FALSE()),"") -> Máquina de Anestesia | C960: =IFERROR(VLOOKUP($A960,Equipos!$C$2:$M$967,9,FALSE()),"") -> ASMK-0086 | D960: =IFERROR(VLOOKUP($A960,Equipos!$C$2:$M$967,3,FALSE()),"") -> Pabellón Quirúrgico | E960: =IFERROR(VLOOKUP($A960,Equipos!$C$2:$M$967,7,FALSE()),"") -> Drager | F960: =IFERROR(VLOOKUP($A960,Equipos!$C$2:$M$967,8,FALSE()),"") -> Perseus A500 | G960: Abril | H960: Interno | J960: Sí | K960: =IFERROR(VLOOKUP($J960,Catálogos!$M$4:$N$17,2,FALSE()),"") -> Mantención Preventiva Realizada | L960: 46132 | M960: Operativo | N960: Ricardo Matus Aroca | Q960: TEXTO ORIGINAL: En cliente, se realiza mantención preventiva con las siguientes pruebas: -Prueba de encendido. - Seguridad eléctrica. -Prueba de chequeo inicial. -Prueba de funcionamiento del módulo de gases. -Prueba de funcionamiento de las baterías. -Prueba de funcionamiento de la pantalla ECD, LED y teclas. -Prueba de funcionamiento de la pantalla LCD del mezclador de gases. - Prueba de funcionamiento de alarmas. -Prueba de funcionamiento de los modos ventilatorios. - Chequeo final. Equipo supera todas las pruebas. Fuga man/spont se rencuentra cerca de límites permitidos por lo que se recomienda reemplazo de kit de sistema respiratorio. Además, se recomienda reemplazo de baterías con durabilidad reducida. En mesa de trabajo se pueden observar grietas. Equipo operativo. OBSERVACIONES: • En cliente, se realiza mantención preventiva con las siguientes pruebas: -Prueba de encendido. - Seguridad eléctrica. -Prueba de chequeo inicial. -Prueba de funcionamiento del módulo de gases. -Prueba de funcionamiento de las baterías. -Prueba de funcionamiento de la pantalla ECD, LED y teclas. -Prueba de funcionamiento de la pantalla LCD del mezclador de gases. - Prueba de funcionamiento de alarmas. -Prueba de funcionamiento de los modos ventilatorios. - Chequeo final. • Equipo supera todas las pruebas. • En mesa de trabajo se pueden observar grietas. • Equipo operativo. RECOMENDACIONES: • Fuga man/spont se rencuentra cerca de límites permitidos por lo que se recomienda reemplazo de kit de sistema respiratorio. • Además, se recomienda reemplazo de baterías con durabilidad reducida.
A961: 2-118822 | B961: =IFERROR(VLOOKUP($A961,Equipos!$C$2:$M$967,2,FALSE()),"") -> Máquina de Anestesia | C961: =IFERROR(VLOOKUP($A961,Equipos!$C$2:$M$967,9,FALSE()),"") -> ASMK-0087 | D961: =IFERROR(VLOOKUP($A961,Equipos!$C$2:$M$967,3,FALSE()),"") -> Pabellón Quirúrgico | E961: =IFERROR(VLOOKUP($A961,Equipos!$C$2:$M$967,7,FALSE()),"") -> Drager | F961: =IFERROR(VLOOKUP($A961,Equipos!$C$2:$M$967,8,FALSE()),"") -> Perseus A500 | G961: Abril | H961: Interno | J961: Sí | K961: =IFERROR(VLOOKUP($J961,Catálogos!$M$4:$N$17,2,FALSE()),"") -> Mantención Preventiva Realizada | L961: 46132 | M961: Operativo | N961: Ricardo Matus Aroca | Q961: En cliente, se realiza mantención preventiva y se ejecutan las siguientes pruebas: -Prueba de encendido. -Seguridad eléctrica. -Prueba de chequeo inicial. -Prueba de funcionamiento del módulo de gases. -Prueba de funcionamiento de las baterías. -Prueba de funcionamiento de la pantalla ECD, LED y teclas. -Prueba de funcionamiento de la pantalla LCD del mezclador de gases. -Prueba de funcionamiento de alarmas. -Prueba de funcionamiento de los modos ventilatorios. -Chequeo final. Se superan todas las pruebas, equipo operativo.
A962: 2-117815 | B962: =IFERROR(VLOOKUP($A962,Equipos!$C$2:$M$967,2,FALSE()),"") -> Máquina de Anestesia | C962: =IFERROR(VLOOKUP($A962,Equipos!$C$2:$M$967,9,FALSE()),"") -> ASMB-0230 | D962: =IFERROR(VLOOKUP($A962,Equipos!$C$2:$M$967,3,FALSE()),"") -> Pabellón Quirúrgico | E962: =IFERROR(VLOOKUP($A962,Equipos!$C$2:$M$967,7,FALSE()),"") -> Drager | F962: =IFERROR(VLOOKUP($A962,Equipos!$C$2:$M$967,8,FALSE()),"") -> Primus IE | G962: Abril | H962: Interno | J962: Sí | K962: =IFERROR(VLOOKUP($J962,Catálogos!$M$4:$N$17,2,FALSE()),"") -> Mantención Preventiva Realizada | L962: 46132 | M962: Operativo | N962: Ricardo Matus Aroca | Q962: OBSERVACIONES: • En cliente, se realiza mantención preventiva con las siguientes pruebas: -Revisión aspecto general. -Seguridad eléctrica. -Prueba de puesta en marcha 100%. -Prueba de auto chequeo del equipo. -Se realiza en modo servicio: Calibración de flujo, calibración de Pi, Pe, y Pu. -Prueba de funcionamiento del mecanismo de la válvula flush y flujo. -Prueba de funcionamiento del analizador de gases. -Chequeo del dosificador de gases fresco. -Prueba detección de falla de fuga del sistema respirador. -Prueba de funcionamiento de la pantalla, teclas, led y botón giratorio. -Chequeo batería de respaldo. -Se realiza pruebas de funcionamientos ventilatorios y parámetros. -Chequeo parámetros de presiones, flujos y volúmenes FiO2. -Prueba de funcionamiento de alarma visual y audible. -Pruebas superadas.
A963: 2-124761 | B963: =IFERROR(VLOOKUP($A963,Equipos!$C$2:$M$967,2,FALSE()),"") -> Monitor Multiparámetros | C963: =IFERROR(VLOOKUP($A963,Equipos!$C$2:$M$967,9,FALSE()),"") -> 22060100008 | D963: =IFERROR(VLOOKUP($A963,Equipos!$C$2:$M$967,3,FALSE()),"") -> Servicio Social | E963: =IFERROR(VLOOKUP($A963,Equipos!$C$2:$M$967,7,FALSE()),"") -> Sinohero | F963: =IFERROR(VLOOKUP($A963,Equipos!$C$2:$M$967,8,FALSE()),"") -> H5 | G963: Abril | H963: Interno | J963: Sí | K963: =IFERROR(VLOOKUP($J963,Catálogos!$M$4:$N$17,2,FALSE()),"") -> Mantención Preventiva Realizada | L963: 46133 | M963: Operativo | N963: Daniel Díaz Neira
A964: 2-121004 | B964: =IFERROR(VLOOKUP($A964,Equipos!$C$2:$M$967,2,FALSE()),"") -> Monitor Multiparámetros | C964: =IFERROR(VLOOKUP($A964,Equipos!$C$2:$M$967,9,FALSE()),"") -> J3300QF04734 | D964: =IFERROR(VLOOKUP($A964,Equipos!$C$2:$M$967,3,FALSE()),"") -> Servicio Social | E964: =IFERROR(VLOOKUP($A964,Equipos!$C$2:$M$967,7,FALSE()),"") -> Creative Medical | F964: =IFERROR(VLOOKUP($A964,Equipos!$C$2:$M$967,8,FALSE()),"") -> UP-7000 | G964: Abril | H964: Interno | J964: Sí | K964: =IFERROR(VLOOKUP($J964,Catálogos!$M$4:$N$17,2,FALSE()),"") -> Mantención Preventiva Realizada | L964: 46133 | M964: Operativo | N964: Daniel Díaz Neira
A965: 2-117812 | B965: =IFERROR(VLOOKUP($A965,Equipos!$C$2:$M$967,2,FALSE()),"") -> Monitor Multiparámetros | C965: =IFERROR(VLOOKUP($A965,Equipos!$C$2:$M$967,9,FALSE()),"") -> 5613360578 | D965: =IFERROR(VLOOKUP($A965,Equipos!$C$2:$M$967,3,FALSE()),"") -> Pabellón Quirúrgico (Prestado a Pabellón CMA) | E965: =IFERROR(VLOOKUP($A965,Equipos!$C$2:$M$967,7,FALSE()),"") -> Drager | F965: =IFERROR(VLOOKUP($A965,Equipos!$C$2:$M$967,8,FALSE()),"") -> M540 | G965: Abril | H965: Interno | J965: Sí | K965: =IFERROR(VLOOKUP($J965,Catálogos!$M$4:$N$17,2,FALSE()),"") -> Mantención Preventiva Realizada | L965: 46134 | M965: Operativo | N965: Cristina Rozas Urrutia
A966: 2-119713 | B966: =IFERROR(VLOOKUP($A966,Equipos!$C$2:$M$967,2,FALSE()),"") -> Monitor Multiparámetros | C966: =IFERROR(VLOOKUP($A966,Equipos!$C$2:$M$967,9,FALSE()),"") -> 1810190910101 | D966: =IFERROR(VLOOKUP($A966,Equipos!$C$2:$M$967,3,FALSE()),"") -> Servicio Social | E966: =IFERROR(VLOOKUP($A966,Equipos!$C$2:$M$967,7,FALSE()),"") -> MATIMED | F966: =IFERROR(VLOOKUP($A966,Equipos!$C$2:$M$967,8,FALSE()),"") -> MN-580 | G966: Abril | H966: Interno | J966: Sí | K966: =IFERROR(VLOOKUP($J966,Catálogos!$M$4:$N$17,2,FALSE()),"") -> Mantención Preventiva Realizada | L966: 46134 | M966: Operativo | N966: Daniel Díaz Neira
A967: 200717-011500 | B967: =IFERROR(VLOOKUP($A967,Equipos!$C$2:$M$967,2,FALSE()),"") -> Ventilador Mecánico | C967: =IFERROR(VLOOKUP($A967,Equipos!$C$2:$M$967,9,FALSE()),"") -> ASSM-0041 | D967: =IFERROR(VLOOKUP($A967,Equipos!$C$2:$M$967,3,FALSE()),"") -> UPC Adulto | E967: =IFERROR(VLOOKUP($A967,Equipos!$C$2:$M$967,7,FALSE()),"") -> Drager | F967: =IFERROR(VLOOKUP($A967,Equipos!$C$2:$M$967,8,FALSE()),"") -> Savina 300 Classic | G967: Abril | H967: Interno | J967: Sí | K967: =IFERROR(VLOOKUP($J967,Catálogos!$M$4:$N$17,2,FALSE()),"") -> Mantención Preventiva Realizada | L967: 46135 | M967: Operativo | N967: Ricardo Matus Aroca
A968: 2-008659 | B968: =IFERROR(VLOOKUP($A968,Equipos!$C$2:$M$967,2,FALSE()),"") -> Monitor Multiparámetros | C968: =IFERROR(VLOOKUP($A968,Equipos!$C$2:$M$967,9,FALSE()),"") -> 1048 | D968: =IFERROR(VLOOKUP($A968,Equipos!$C$2:$M$967,3,FALSE()),"") -> SAMU | E968: =IFERROR(VLOOKUP($A968,Equipos!$C$2:$M$967,7,FALSE()),"") -> Nihon Kohden | F968: =IFERROR(VLOOKUP($A968,Equipos!$C$2:$M$967,8,FALSE()),"") -> BSM-6301K | G968: Abril | H968: Interno | J968: Sí | K968: =IFERROR(VLOOKUP($J968,Catálogos!$M$4:$N$17,2,FALSE()),"") -> Mantención Preventiva Realizada | L968: 46136 | M968: Operativo | N968: Daniel Díaz Neira
A969: 2-121624 | B969: =IFERROR(VLOOKUP($A969,Equipos!$C$2:$M$967,2,FALSE()),"") -> DEA | C969: =IFERROR(VLOOKUP($A969,Equipos!$C$2:$M$967,9,FALSE()),"") -> X21A332744 | D969: =IFERROR(VLOOKUP($A969,Equipos!$C$2:$M$967,3,FALSE()),"") -> Gestión de Pacientes | E969: =IFERROR(VLOOKUP($A969,Equipos!$C$2:$M$967,7,FALSE()),"") -> Zoll | F969: =IFERROR(VLOOKUP($A969,Equipos!$C$2:$M$967,8,FALSE()),"") -> AEDPLUS | G969: Abril | H969: Interno | J969: Sí | K969: =IFERROR(VLOOKUP($J969,Catálogos!$M$4:$N$17,2,FALSE()),"") -> Mantención Preventiva Realizada | L969: 46139 | M969: Operativo | N969: Carlos Bahamondes Seguel
A970: 2-121711 | B970: =IFERROR(VLOOKUP($A970,Equipos!$C$2:$M$967,2,FALSE()),"") -> Monitor Multiparámetros | C970: =IFERROR(VLOOKUP($A970,Equipos!$C$2:$M$967,9,FALSE()),"") -> CN92392265 | D970: =IFERROR(VLOOKUP($A970,Equipos!$C$2:$M$967,3,FALSE()),"") -> CDT | E970: =IFERROR(VLOOKUP($A970,Equipos!$C$2:$M$967,7,FALSE()),"") -> Philips | F970: =IFERROR(VLOOKUP($A970,Equipos!$C$2:$M$967,8,FALSE()),"") -> CM100 | G970: Abril | H970: Interno | J970: Sí | K970: =IFERROR(VLOOKUP($J970,Catálogos!$M$4:$N$17,2,FALSE()),"") -> Mantención Preventiva Realizada | L970: 46140 | M970: Operativo | N970: Matías Soazo Garrido | Q970: Se ajusta la hora
A971: 2-008451 | B971: =IFERROR(VLOOKUP($A971,Equipos!$C$2:$M$967,2,FALSE()),"") -> Monitor Multiparámetros | C971: =IFERROR(VLOOKUP($A971,Equipos!$C$2:$M$967,9,FALSE()),"") -> 1029 | D971: =IFERROR(VLOOKUP($A971,Equipos!$C$2:$M$967,3,FALSE()),"") -> CDT | E971: =IFERROR(VLOOKUP($A971,Equipos!$C$2:$M$967,7,FALSE()),"") -> Nihon Kohden | F971: =IFERROR(VLOOKUP($A971,Equipos!$C$2:$M$967,8,FALSE()),"") -> BSM-6301K | G971: Abril | H971: Interno | J971: Sí | K971: =IFERROR(VLOOKUP($J971,Catálogos!$M$4:$N$17,2,FALSE()),"") -> Mantención Preventiva Realizada | L971: 46140 | M971: Operativo | N971: Matías Soazo Garrido
A972: 121010-019243 | B972: =IFERROR(VLOOKUP($A972,Equipos!$C$2:$M$967,2,FALSE()),"") -> DEA | C972: =IFERROR(VLOOKUP($A972,Equipos!$C$2:$M$967,9,FALSE()),"") -> 13036 | D972: =IFERROR(VLOOKUP($A972,Equipos!$C$2:$M$967,3,FALSE()),"") -> SAMU | E972: =IFERROR(VLOOKUP($A972,Equipos!$C$2:$M$967,7,FALSE()),"") -> Nihon Kohden | F972: =IFERROR(VLOOKUP($A972,Equipos!$C$2:$M$967,8,FALSE()),"") -> AED-3100K | G972: Abril | H972: Interno | J972: Sí | K972: =IFERROR(VLOOKUP($J972,Catálogos!$M$4:$N$17,2,FALSE()),"") -> Mantención Preventiva Realizada | L972: 46140 | M972: Operativo | N972: Carlos Bahamondes Seguel
A973: 2-133678 | B973: =IFERROR(VLOOKUP($A973,Equipos!$C$2:$M$967,2,FALSE()),"") -> Monitor Multiparámetros | C973: =IFERROR(VLOOKUP($A973,Equipos!$C$2:$M$967,9,FALSE()),"") -> JH01B910011 | D973: =IFERROR(VLOOKUP($A973,Equipos!$C$2:$M$967,3,FALSE()),"") -> CDT | E973: =IFERROR(VLOOKUP($A973,Equipos!$C$2:$M$967,7,FALSE()),"") -> Northern | F973: =IFERROR(VLOOKUP($A973,Equipos!$C$2:$M$967,8,FALSE()),"") -> Aquarius ECG | G973: Abril | H973: Interno | J973: Sí | K973: =IFERROR(VLOOKUP($J973,Catálogos!$M$4:$N$17,2,FALSE()),"") -> Mantención Preventiva Realizada | L973: 46141 | M973: Operativo | N973: Matías Soazo Garrido | Q973: se ajusta fecha y hora
A974: 2-133677 | B974: =IFERROR(VLOOKUP($A974,Equipos!$C$2:$M$967,2,FALSE()),"") -> Monitor Multiparámetros | C974: =IFERROR(VLOOKUP($A974,Equipos!$C$2:$M$967,9,FALSE()),"") -> JH01B910020 | D974: =IFERROR(VLOOKUP($A974,Equipos!$C$2:$M$967,3,FALSE()),"") -> CDT | E974: =IFERROR(VLOOKUP($A974,Equipos!$C$2:$M$967,7,FALSE()),"") -> Northern | F974: =IFERROR(VLOOKUP($A974,Equipos!$C$2:$M$967,8,FALSE()),"") -> Aquarius ECG | G974: Abril | H974: Interno | J974: Sí | K974: =IFERROR(VLOOKUP($J974,Catálogos!$M$4:$N$17,2,FALSE()),"") -> Mantención Preventiva Realizada | L974: 46141 | M974: Operativo | N974: Matías Soazo Garrido | Q974: se ajusta fecha y hora
A975: 2-133676 | B975: =IFERROR(VLOOKUP($A975,Equipos!$C$2:$M$967,2,FALSE()),"") -> Monitor Multiparámetros | C975: =IFERROR(VLOOKUP($A975,Equipos!$C$2:$M$967,9,FALSE()),"") -> JH01B910008 | D975: =IFERROR(VLOOKUP($A975,Equipos!$C$2:$M$967,3,FALSE()),"") -> CDT | E975: =IFERROR(VLOOKUP($A975,Equipos!$C$2:$M$967,7,FALSE()),"") -> Northern | F975: =IFERROR(VLOOKUP($A975,Equipos!$C$2:$M$967,8,FALSE()),"") -> Aquarius ECG | G975: Abril | H975: Interno | J975: Sí | K975: =IFERROR(VLOOKUP($J975,Catálogos!$M$4:$N$17,2,FALSE()),"") -> Mantención Preventiva Realizada | L975: 46141 | M975: Operativo | N975: Matías Soazo Garrido | Q975: Se ajusta fecha y hora
A976: 2-112577 | B976: =IFERROR(VLOOKUP($A976,Equipos!$C$2:$M$967,2,FALSE()),"") -> Monitor Multiparámetros | C976: =IFERROR(VLOOKUP($A976,Equipos!$C$2:$M$967,9,FALSE()),"") -> 23307030152 | D976: =IFERROR(VLOOKUP($A976,Equipos!$C$2:$M$967,3,FALSE()),"") -> Cardiología | E976: =IFERROR(VLOOKUP($A976,Equipos!$C$2:$M$967,7,FALSE()),"") -> Nellcor | F976: =IFERROR(VLOOKUP($A976,Equipos!$C$2:$M$967,8,FALSE()),"") -> M5600-LA | G976: Abril | H976: Interno | J976: Sí | K976: =IFERROR(VLOOKUP($J976,Catálogos!$M$4:$N$17,2,FALSE()),"") -> Mantención Preventiva Realizada | L976: 46141 | M976: Operativo | N976: Matías Soazo Garrido
A977: 2-112502 | B977: =IFERROR(VLOOKUP($A977,Equipos!$C$2:$M$967,2,FALSE()),"") -> Monitor Multiparámetros | C977: =IFERROR(VLOOKUP($A977,Equipos!$C$2:$M$967,9,FALSE()),"") -> 5395660070 | D977: =IFERROR(VLOOKUP($A977,Equipos!$C$2:$M$967,3,FALSE()),"") -> Cardiología | E977: =IFERROR(VLOOKUP($A977,Equipos!$C$2:$M$967,7,FALSE()),"") -> Drager | F977: =IFERROR(VLOOKUP($A977,Equipos!$C$2:$M$967,8,FALSE()),"") -> Infinity Vista | G977: Abril | H977: Interno | J977: Sí | K977: =IFERROR(VLOOKUP($J977,Catálogos!$M$4:$N$17,2,FALSE()),"") -> Mantención Preventiva Realizada | L977: 46141 | M977: Operativo | N977: Matías Soazo Garrido
A978: 2-133679 | B978: =IFERROR(VLOOKUP($A978,Equipos!$C$2:$M$967,2,FALSE()),"") -> Monitor Multiparámetros | C978: =IFERROR(VLOOKUP($A978,Equipos!$C$2:$M$967,9,FALSE()),"") -> JH01B910002 | D978: =IFERROR(VLOOKUP($A978,Equipos!$C$2:$M$967,3,FALSE()),"") -> CDT | E978: =IFERROR(VLOOKUP($A978,Equipos!$C$2:$M$967,7,FALSE()),"") -> Northern | F978: =IFERROR(VLOOKUP($A978,Equipos!$C$2:$M$967,8,FALSE()),"") -> Aquarius ECG | G978: Abril | H978: Interno | J978: Sí | K978: =IFERROR(VLOOKUP($J978,Catálogos!$M$4:$N$17,2,FALSE()),"") -> Mantención Preventiva Realizada | L978: 46142 | M978: Operativo | N978: Matías Soazo Garrido | Q978: se ajusta fecha y hora
A979: 2-128062 | B979: =IFERROR(VLOOKUP($A979,Equipos!$C$2:$M$967,2,FALSE()),"") -> Máquina Diálisis | C979: =IFERROR(VLOOKUP($A979,Equipos!$C$2:$M$967,9,FALSE()),"") -> 3SXA4HCP | D979: =IFERROR(VLOOKUP($A979,Equipos!$C$2:$M$967,3,FALSE()),"") -> UPC Adulto | E979: =IFERROR(VLOOKUP($A979,Equipos!$C$2:$M$967,7,FALSE()),"") -> Fresenius | F979: =IFERROR(VLOOKUP($A979,Equipos!$C$2:$M$967,8,FALSE()),"") -> 4008S | G979: Abril | H979: Interno | J979: C6 | K979: =IFERROR(VLOOKUP($J979,Catálogos!$M$4:$N$17,2,FALSE()),"") -> Reprogramada · No disponibilidad de horas hombre del servicio técnico externo | L979: 46142 | N979: Cristián Beltrán Oviedo
A980: 2-113999 | B980: =IFERROR(VLOOKUP($A980,Equipos!$C$2:$M$967,2,FALSE()),"") -> Máquina Diálisis | C980: =IFERROR(VLOOKUP($A980,Equipos!$C$2:$M$967,9,FALSE()),"") -> 8VCAJN39 | D980: =IFERROR(VLOOKUP($A980,Equipos!$C$2:$M$967,3,FALSE()),"") -> UPC Adulto | E980: =IFERROR(VLOOKUP($A980,Equipos!$C$2:$M$967,7,FALSE()),"") -> Fresenius | F980: =IFERROR(VLOOKUP($A980,Equipos!$C$2:$M$967,8,FALSE()),"") -> 4008B(s) | G980: Abril | H980: Interno | J980: C6 | K980: =IFERROR(VLOOKUP($J980,Catálogos!$M$4:$N$17,2,FALSE()),"") -> Reprogramada · No disponibilidad de horas hombre del servicio técnico externo | L980: 46142 | N980: Cristián Beltrán Oviedo
A981: 2-013590 | B981: =IFERROR(VLOOKUP($A981,Equipos!$C$2:$M$967,2,FALSE()),"") -> Ventilador Mecánico | C981: =IFERROR(VLOOKUP($A981,Equipos!$C$2:$M$967,9,FALSE()),"") -> ASFN-0008 | D981: =IFERROR(VLOOKUP($A981,Equipos!$C$2:$M$967,3,FALSE()),"") -> UPC Adulto | E981: =IFERROR(VLOOKUP($A981,Equipos!$C$2:$M$967,7,FALSE()),"") -> Drager | F981: =IFERROR(VLOOKUP($A981,Equipos!$C$2:$M$967,8,FALSE()),"") -> Carina | G981: Abril | H981: Interno | J981: C3 | K981: =IFERROR(VLOOKUP($J981,Catálogos!$M$4:$N$17,2,FALSE()),"") -> Reprogramada · Equipo no operativo, a la espera de repuestos o accesorios | L981: 46142 | M981: No operativo | N981: Ricardo Matus Aroca
A982: 2-024297 | B982: =IFERROR(VLOOKUP($A982,Equipos!$C$2:$M$967,2,FALSE()),"") -> Monitor Multiparámetros | C982: =IFERROR(VLOOKUP($A982,Equipos!$C$2:$M$967,9,FALSE()),"") -> 5494528944 | D982: =IFERROR(VLOOKUP($A982,Equipos!$C$2:$M$967,3,FALSE()),"") -> Pabellón Quirúrgico | E982: =IFERROR(VLOOKUP($A982,Equipos!$C$2:$M$967,7,FALSE()),"") -> Drager | F982: =IFERROR(VLOOKUP($A982,Equipos!$C$2:$M$967,8,FALSE()),"") -> Infinity Kappa | G982: Abril | H982: Interno | J982: NU | K982: =IFERROR(VLOOKUP($J982,Catálogos!$M$4:$N$17,2,FALSE()),"") -> No Ubicable | L982: 46142 | M982: No operativo | N982: Cristina Rozas Urrutia
A983: 2-124762 | B983: =IFERROR(VLOOKUP($A983,Equipos!$C$2:$M$967,2,FALSE()),"") -> Monitor Multiparámetros | C983: =IFERROR(VLOOKUP($A983,Equipos!$C$2:$M$967,9,FALSE()),"") -> 22060100003 | D983: =IFERROR(VLOOKUP($A983,Equipos!$C$2:$M$967,3,FALSE()),"") -> Servicio Social | E983: =IFERROR(VLOOKUP($A983,Equipos!$C$2:$M$967,7,FALSE()),"") -> Sinohero | F983: =IFERROR(VLOOKUP($A983,Equipos!$C$2:$M$967,8,FALSE()),"") -> H5 | G983: Abril | H983: Interno | J983: C8 | K983: =IFERROR(VLOOKUP($J983,Catálogos!$M$4:$N$17,2,FALSE()),"") -> Reprogramada · Contingencia hospitalaria | L983: 46142 | N983: Marco Ulloa
A984: 2-118718 | B984: =IFERROR(VLOOKUP($A984,Equipos!$C$2:$M$967,2,FALSE()),"") -> Monitor Multiparámetros | C984: =IFERROR(VLOOKUP($A984,Equipos!$C$2:$M$967,9,FALSE()),"") -> G3HQ40045 | D984: =IFERROR(VLOOKUP($A984,Equipos!$C$2:$M$967,3,FALSE()),"") -> Servicio Social | E984: =IFERROR(VLOOKUP($A984,Equipos!$C$2:$M$967,7,FALSE()),"") -> General Meditech | F984: =IFERROR(VLOOKUP($A984,Equipos!$C$2:$M$967,8,FALSE()),"") -> G3H | G984: Abril | H984: Interno | J984: C8 | K984: =IFERROR(VLOOKUP($J984,Catálogos!$M$4:$N$17,2,FALSE()),"") -> Reprogramada · Contingencia hospitalaria | L984: 46142 | N984: Marco Ulloa
A985: 2-121002 | B985: =IFERROR(VLOOKUP($A985,Equipos!$C$2:$M$967,2,FALSE()),"") -> Monitor Multiparámetros | C985: =IFERROR(VLOOKUP($A985,Equipos!$C$2:$M$967,9,FALSE()),"") -> PSHH501479 | D985: =IFERROR(VLOOKUP($A985,Equipos!$C$2:$M$967,3,FALSE()),"") -> Servicio Social | E985: =IFERROR(VLOOKUP($A985,Equipos!$C$2:$M$967,7,FALSE()),"") -> Sinohero | F985: =IFERROR(VLOOKUP($A985,Equipos!$C$2:$M$967,8,FALSE()),"") -> H5 | G985: Abril | H985: Interno | J985: C8 | K985: =IFERROR(VLOOKUP($J985,Catálogos!$M$4:$N$17,2,FALSE()),"") -> Reprogramada · Contingencia hospitalaria | L985: 46142 | N985: Marco Ulloa
A986: 2-024122 | B986: =IFERROR(VLOOKUP($A986,Equipos!$C$2:$M$967,2,FALSE()),"") -> Monitor Multiparámetros | C986: =IFERROR(VLOOKUP($A986,Equipos!$C$2:$M$967,9,FALSE()),"") -> 01117. | D986: =IFERROR(VLOOKUP($A986,Equipos!$C$2:$M$967,3,FALSE()),"") -> SAMU | E986: =IFERROR(VLOOKUP($A986,Equipos!$C$2:$M$967,7,FALSE()),"") -> Nihon Kohden | F986: =IFERROR(VLOOKUP($A986,Equipos!$C$2:$M$967,8,FALSE()),"") -> BSM-6301K | G986: Abril | H986: Interno | J986: NU | K986: =IFERROR(VLOOKUP($J986,Catálogos!$M$4:$N$17,2,FALSE()),"") -> No Ubicable | L986: 46142 | M986: No operativo | N986: Marco Ulloa
A987: 2-112327 | B987: =IFERROR(VLOOKUP($A987,Equipos!$C$2:$M$967,2,FALSE()),"") -> Ventilador Mecánico | C987: =IFERROR(VLOOKUP($A987,Equipos!$C$2:$M$967,9,FALSE()),"") -> ASFN-0009 | D987: =IFERROR(VLOOKUP($A987,Equipos!$C$2:$M$967,3,FALSE()),"") -> UPC Adulto | E987: =IFERROR(VLOOKUP($A987,Equipos!$C$2:$M$967,7,FALSE()),"") -> Drager | F987: =IFERROR(VLOOKUP($A987,Equipos!$C$2:$M$967,8,FALSE()),"") -> Carina | G987: Abril | H987: Interno | J987: C6 | K987: =IFERROR(VLOOKUP($J987,Catálogos!$M$4:$N$17,2,FALSE()),"") -> Reprogramada · No disponibilidad de horas hombre del servicio técnico externo | L987: 46142 | M987: Operativo | N987: Ricardo Matus Aroca
A988: 2-013590 | B988: =IFERROR(VLOOKUP($A988,Equipos!$C$2:$M$967,2,FALSE()),"") -> Ventilador Mecánico | C988: =IFERROR(VLOOKUP($A988,Equipos!$C$2:$M$967,9,FALSE()),"") -> ASFN-0008 | D988: =IFERROR(VLOOKUP($A988,Equipos!$C$2:$M$967,3,FALSE()),"") -> UPC Adulto | E988: =IFERROR(VLOOKUP($A988,Equipos!$C$2:$M$967,7,FALSE()),"") -> Drager | F988: =IFERROR(VLOOKUP($A988,Equipos!$C$2:$M$967,8,FALSE()),"") -> Carina | G988: Abril | H988: Interno | J988: C6 | K988: =IFERROR(VLOOKUP($J988,Catálogos!$M$4:$N$17,2,FALSE()),"") -> Reprogramada · No disponibilidad de horas hombre del servicio técnico externo | L988: 46142 | M988: Operativo
A989: 2-013592 | B989: =IFERROR(VLOOKUP($A989,Equipos!$C$2:$M$967,2,FALSE()),"") -> Ventilador Mecánico | C989: =IFERROR(VLOOKUP($A989,Equipos!$C$2:$M$967,9,FALSE()),"") -> ASFN-0006 | D989: =IFERROR(VLOOKUP($A989,Equipos!$C$2:$M$967,3,FALSE()),"") -> UPC Adulto | E989: =IFERROR(VLOOKUP($A989,Equipos!$C$2:$M$967,7,FALSE()),"") -> Drager | F989: =IFERROR(VLOOKUP($A989,Equipos!$C$2:$M$967,8,FALSE()),"") -> Carina | G989: Abril | H989: Interno | J989: C6 | K989: =IFERROR(VLOOKUP($J989,Catálogos!$M$4:$N$17,2,FALSE()),"") -> Reprogramada · No disponibilidad de horas hombre del servicio técnico externo | L989: 46142 | M989: Operativo | N989: Ricardo Matus Aroca
A990: 2-118718 | B990: =IFERROR(VLOOKUP($A990,Equipos!$C$2:$M$967,2,FALSE()),"") -> Monitor Multiparámetros | C990: =IFERROR(VLOOKUP($A990,Equipos!$C$2:$M$967,9,FALSE()),"") -> G3HQ40045 | D990: =IFERROR(VLOOKUP($A990,Equipos!$C$2:$M$967,3,FALSE()),"") -> Servicio Social | E990: =IFERROR(VLOOKUP($A990,Equipos!$C$2:$M$967,7,FALSE()),"") -> General Meditech | F990: =IFERROR(VLOOKUP($A990,Equipos!$C$2:$M$967,8,FALSE()),"") -> G3H | G990: Abril | H990: Interno | J990: C8 | K990: =IFERROR(VLOOKUP($J990,Catálogos!$M$4:$N$17,2,FALSE()),"") -> Reprogramada · Contingencia hospitalaria | L990: 46142 | M990: Operativo | N990: Daniel Díaz Neira
A991: 2-110571 | B991: =IFERROR(VLOOKUP($A991,Equipos!$C$2:$M$967,2,FALSE()),"") -> Ventilador Mecánico | C991: =IFERROR(VLOOKUP($A991,Equipos!$C$2:$M$967,9,FALSE()),"") -> ASHK-0151 | D991: =IFERROR(VLOOKUP($A991,Equipos!$C$2:$M$967,3,FALSE()),"") -> UPC Adulto | E991: =IFERROR(VLOOKUP($A991,Equipos!$C$2:$M$967,7,FALSE()),"") -> Drager | F991: =IFERROR(VLOOKUP($A991,Equipos!$C$2:$M$967,8,FALSE()),"") -> Evita V300 | G991: Mayo | H991: Interno | J991: Sí | K991: =IFERROR(VLOOKUP($J991,Catálogos!$M$4:$N$17,2,FALSE()),"") -> Mantención Preventiva Realizada | L991: 46147 | M991: Operativo | N991: Ricardo Matus Aroca
A992: 2-120943 | B992: =IFERROR(VLOOKUP($A992,Equipos!$C$2:$M$967,2,FALSE()),"") -> Ventilador Mecánico | C992: =IFERROR(VLOOKUP($A992,Equipos!$C$2:$M$967,9,FALSE()),"") -> ASNM-0005 | D992: =IFERROR(VLOOKUP($A992,Equipos!$C$2:$M$967,3,FALSE()),"") -> UPC Adulto | E992: =IFERROR(VLOOKUP($A992,Equipos!$C$2:$M$967,7,FALSE()),"") -> Drager | F992: =IFERROR(VLOOKUP($A992,Equipos!$C$2:$M$967,8,FALSE()),"") -> Evita V800 | G992: Mayo | H992: Interno | J992: Sí | K992: =IFERROR(VLOOKUP($J992,Catálogos!$M$4:$N$17,2,FALSE()),"") -> Mantención Preventiva Realizada | L992: 46147 | M992: Operativo | N992: Ricardo Matus Aroca
A993: 2-119687 | B993: =IFERROR(VLOOKUP($A993,Equipos!$C$2:$M$967,2,FALSE()),"") -> Ventilador Mecánico | C993: =IFERROR(VLOOKUP($A993,Equipos!$C$2:$M$967,9,FALSE()),"") -> ASLE-0157 | D993: =IFERROR(VLOOKUP($A993,Equipos!$C$2:$M$967,3,FALSE()),"") -> UPC Adulto | E993: =IFERROR(VLOOKUP($A993,Equipos!$C$2:$M$967,7,FALSE()),"") -> Drager | F993: =IFERROR(VLOOKUP($A993,Equipos!$C$2:$M$967,8,FALSE()),"") -> Evita V300/SC | G993: Mayo | H993: Interno | J993: Sí | K993: =IFERROR(VLOOKUP($J993,Catálogos!$M$4:$N$17,2,FALSE()),"") -> Mantención Preventiva Realizada | L993: 46147 | M993: Operativo | N993: Ricardo Matus Aroca
A994: 2-120940 | B994: =IFERROR(VLOOKUP($A994,Equipos!$C$2:$M$967,2,FALSE()),"") -> Ventilador Mecánico | C994: =IFERROR(VLOOKUP($A994,Equipos!$C$2:$M$967,9,FALSE()),"") -> ASNK-0046 | D994: =IFERROR(VLOOKUP($A994,Equipos!$C$2:$M$967,3,FALSE()),"") -> UPC 3er Piso | E994: =IFERROR(VLOOKUP($A994,Equipos!$C$2:$M$967,7,FALSE()),"") -> Drager | F994: =IFERROR(VLOOKUP($A994,Equipos!$C$2:$M$967,8,FALSE()),"") -> Evita V800 | G994: Mayo | H994: Interno | J994: Sí | K994: =IFERROR(VLOOKUP($J994,Catálogos!$M$4:$N$17,2,FALSE()),"") -> Mantención Preventiva Realizada | L994: 46147 | M994: Operativo | N994: Ricardo Matus Aroca
A995: 2-120938 | B995: =IFERROR(VLOOKUP($A995,Equipos!$C$2:$M$967,2,FALSE()),"") -> Ventilador Mecánico | C995: =IFERROR(VLOOKUP($A995,Equipos!$C$2:$M$967,9,FALSE()),"") -> ASNK-0047 | D995: =IFERROR(VLOOKUP($A995,Equipos!$C$2:$M$967,3,FALSE()),"") -> UPC 3er Piso | E995: =IFERROR(VLOOKUP($A995,Equipos!$C$2:$M$967,7,FALSE()),"") -> Drager | F995: =IFERROR(VLOOKUP($A995,Equipos!$C$2:$M$967,8,FALSE()),"") -> Evita V800 | G995: Mayo | H995: Interno | J995: Sí | K995: =IFERROR(VLOOKUP($J995,Catálogos!$M$4:$N$17,2,FALSE()),"") -> Mantención Preventiva Realizada | L995: 46147 | M995: Operativo | N995: Ricardo Matus Aroca
A996: 2-120936 | B996: =IFERROR(VLOOKUP($A996,Equipos!$C$2:$M$967,2,FALSE()),"") -> Ventilador Mecánico | C996: =IFERROR(VLOOKUP($A996,Equipos!$C$2:$M$967,9,FALSE()),"") -> ASNM-0001 | D996: =IFERROR(VLOOKUP($A996,Equipos!$C$2:$M$967,3,FALSE()),"") -> UPC 3er Piso | E996: =IFERROR(VLOOKUP($A996,Equipos!$C$2:$M$967,7,FALSE()),"") -> Drager | F996: =IFERROR(VLOOKUP($A996,Equipos!$C$2:$M$967,8,FALSE()),"") -> Evita V800 | G996: Mayo | H996: Interno | J996: Sí | K996: =IFERROR(VLOOKUP($J996,Catálogos!$M$4:$N$17,2,FALSE()),"") -> Mantención Preventiva Realizada | L996: 46148 | M996: Operativo | N996: Ricardo Matus Aroca
A997: 2-113999 | B997: =IFERROR(VLOOKUP($A997,Equipos!$C$2:$M$967,2,FALSE()),"") -> Máquina Diálisis | C997: =IFERROR(VLOOKUP($A997,Equipos!$C$2:$M$967,9,FALSE()),"") -> 8VCAJN39 | D997: =IFERROR(VLOOKUP($A997,Equipos!$C$2:$M$967,3,FALSE()),"") -> UPC Adulto | E997: =IFERROR(VLOOKUP($A997,Equipos!$C$2:$M$967,7,FALSE()),"") -> Fresenius | F997: =IFERROR(VLOOKUP($A997,Equipos!$C$2:$M$967,8,FALSE()),"") -> 4008B(s) | G997: Mayo | H997: Interno | J997: Sí | K997: =IFERROR(VLOOKUP($J997,Catálogos!$M$4:$N$17,2,FALSE()),"") -> Mantención Preventiva Realizada | L997: 46149 | M997: Operativo | N997: Cristián Beltrán Oviedo
A998: 2-116288 | B998: =IFERROR(VLOOKUP($A998,Equipos!$C$2:$M$967,2,FALSE()),"") -> Ventilador Mecánico | C998: =IFERROR(VLOOKUP($A998,Equipos!$C$2:$M$967,9,FALSE()),"") -> ASJL-0099 | D998: =IFERROR(VLOOKUP($A998,Equipos!$C$2:$M$967,3,FALSE()),"") -> Neonatología | E998: =IFERROR(VLOOKUP($A998,Equipos!$C$2:$M$967,7,FALSE()),"") -> Drager | F998: =IFERROR(VLOOKUP($A998,Equipos!$C$2:$M$967,8,FALSE()),"") -> VN500 | G998: Mayo | H998: Interno | J998: Sí | K998: =IFERROR(VLOOKUP($J998,Catálogos!$M$4:$N$17,2,FALSE()),"") -> Mantención Preventiva Realizada | L998: 46149 | M998: Operativo | N998: Ricardo Matus Aroca
A999: 2-116289 | B999: =IFERROR(VLOOKUP($A999,Equipos!$C$2:$M$967,2,FALSE()),"") -> Ventilador Mecánico | C999: =IFERROR(VLOOKUP($A999,Equipos!$C$2:$M$967,9,FALSE()),"") -> ASKK-0196 | D999: =IFERROR(VLOOKUP($A999,Equipos!$C$2:$M$967,3,FALSE()),"") -> Neonatología | E999: =IFERROR(VLOOKUP($A999,Equipos!$C$2:$M$967,7,FALSE()),"") -> Drager | F999: =IFERROR(VLOOKUP($A999,Equipos!$C$2:$M$967,8,FALSE()),"") -> VN500 | G999: Mayo | H999: Interno | J999: Sí | K999: =IFERROR(VLOOKUP($J999,Catálogos!$M$4:$N$17,2,FALSE()),"") -> Mantención Preventiva Realizada | L999: 46149 | M999: Operativo | N999: Ricardo Matus Aroca
A1000: 2-116294 | B1000: =IFERROR(VLOOKUP($A1000,Equipos!$C$2:$M$967,2,FALSE()),"") -> Ventilador Mecánico | C1000: =IFERROR(VLOOKUP($A1000,Equipos!$C$2:$M$967,9,FALSE()),"") -> ASKL-0004 | D1000: =IFERROR(VLOOKUP($A1000,Equipos!$C$2:$M$967,3,FALSE()),"") -> Neonatología | E1000: =IFERROR(VLOOKUP($A1000,Equipos!$C$2:$M$967,7,FALSE()),"") -> Drager | F1000: =IFERROR(VLOOKUP($A1000,Equipos!$C$2:$M$967,8,FALSE()),"") -> VN500 | G1000: Mayo | H1000: Interno | J1000: Sí | K1000: =IFERROR(VLOOKUP($J1000,Catálogos!$M$4:$N$17,2,FALSE()),"") -> Mantención Preventiva Realizada | L1000: 46149 | M1000: Operativo | N1000: Ricardo Matus Aroca
... A1004: 2-024122 | B1004: =IFERROR(VLOOKUP($A1004,Equipos!$C$2:$M$967,2,FALSE()),"") -> Monitor Multiparámetros | C1004: =IFERROR(VLOOKUP($A1004,Equipos!$C$2:$M$967,9,FALSE()),"") -> 01117. | D1004: =IFERROR(VLOOKUP($A1004,Equipos!$C$2:$M$967,3,FALSE()),"") -> SAMU | E1004: =IFERROR(VLOOKUP($A1004,Equipos!$C$2:$M$967,7,FALSE()),"") -> Nihon Kohden | F1004: =IFERROR(VLOOKUP($A1004,Equipos!$C$2:$M$967,8,FALSE()),"") -> BSM-6301K | G1004: Mayo | H1004: Interno | J1004: Sí | K1004: =IFERROR(VLOOKUP($J1004,Catálogos!$M$4:$N$17,2,FALSE()),"") -> Mantención Preventiva Realizada | L1004: 46153 | M1004: Operativo | N1004: Daniel Díaz Neira
...

Sheet Catálogos
A1: Catálogos (alimentan las listas desplegables)
A3: Ingenieros | B3: Estado equipo | C3: Tipo de compra | D3: Resultado visita | E3: Estado evento | F3: Decisión reevaluación | H3: Cód. MP | I3: Significado | K3: Periodicidad | M3: Resultado MP | N3: Descripción resultado | P3: Ejecución MP | R3: Causal (C1–C8) | S3: Descripción causal
A4: Carlos Bahamondes Seguel | B4: Operativo | C4: Trato Directo | D4: Reparó | E4: Abierto | F4: Repuestos | H4: X | I4: Programada (pendiente) | K4: Anual | M4: Sí | N4: Mantención Preventiva Realizada | P4: Interno | R4: C1 | S4: Imposibilidad de desocupar el equipo del paciente por indicación clínica
A5: Cristián Beltrán Oviedo | B5: No Operativo | C5: Compra Ágil | D5: No reparó (necesita repuestos) | E5: Cerrado | F5: Nueva visita | H5: E | I5: Ejecutada | K5: Semestral | M5: C1 | N5: Reprogramada · Imposibilidad de desocupar el equipo del paciente por indicación clínica | P5: Externo | R5: C2 | S5: Equipo en servicio técnico
A6: Cristina Rozas Urrutia | B6: Servicio Técnico | F6: Reenvío | H6: C2 | I6: No ejecutada: en Servicio Técnico | K6: Cuatrimestral | M6: C2 | N6: Reprogramada · Equipo en servicio técnico | R6: C3 | S6: Equipo no operativo, a la espera de repuestos o accesorios
A7: Daniel Díaz Neira | F7: Baja | H7: C3 | I7: No ejecutada: espera repuestos | K7: Trimestral | M7: C3 | N7: Reprogramada · Equipo no operativo, a la espera de repuestos o accesorios | R7: C4 | S7: Equipo en préstamo a otro hospital o institución
A8: Ignacio Berner Bergara | H8: R | I8: Reprogramada | K8: Bimestral | M8: C4 | N8: Reprogramada · Equipo en préstamo a otro hospital o institución | R8: C5 | S8: No disponibilidad de horas hombre del funcionario SEC por alta carga laboral
A9: Macarena Toledo | H9: B | I9: Baja | K9: Mensual | M9: C5 | N9: Reprogramada · No disponibilidad de horas hombre del funcionario SEC por alta carga laboral | R9: C6 | S9: No disponibilidad de horas hombre del servicio técnico externo
A10: Marco Ulloa | M10: C6 | N10: Reprogramada · No disponibilidad de horas hombre del servicio técnico externo | R10: C7 | S10: Ausencia justificada del funcionario SEC superior a 15 días
A11: Matías Soazo Garrido | M11: C7 | N11: Reprogramada · Ausencia justificada del funcionario SEC superior a 15 días | R11: C8 | S11: Contingencia hospitalaria
A12: Ricardo Matus Aroca | M12: C8 | N12: Reprogramada · Contingencia hospitalaria
A13: Tito Millapán Riquelme | M13: Si-RA | N13: Mantención de Año Anterior Realizada
A14: Personal Externo | M14: FS | N14: Fuera de Servicio
M15: No | N15: No Realizada
A16: Empresas / proveedores | C16: Servicios clínicos | M16: NU | N16: No Ubicable
A17: DRAGER CHILE LIMITADA | C17: CDT | M17: Baja | N17: Equipo Dado de Baja
A18: PENTAFARMA S.A. | C18: CR ONCOLOGICO AMBULATORIO
A19: MEDTRONICS | C19: Cardiología
A20: HEMISUR | C20: Cardiología (2do piso)
A21: ANDOVER ALIANZA MEDICA S.A. | C21: Cardiología (Prestado a Medicina cardiovascular)
C22: Cirugía Adulto
C23: Cirugía Infantil
C24: Electrofisiología
C25: Endoscopía
C26: Gestión de Pacientes
C27: Ginecología
C28: Hemato Oncología Adulto
C29: Hemodiálisis
C30: Hemodiálisis (Prestado a SAMU)
C31: Hospitalización Domiciliaria
C32: Imagenología
C33: Imagenología (Prestado a Pabellón Quirúrgico)
... C37: Medicina (Prestado a Pediatría)
A38: (Listas editables: agregar empresas y servicios según se necesiten) | C38: Medicina (Prestado a Psiquiatria)
C39: Medicina (Prestado a medicina cardiovascular)
C40: Medicina Física y Rehabilitación
C41: Medicina Materno Fetal
C42: Neonatología
C43: Neurocirugía
C44: Pabellones Gineco-Obstétricos
C45: Pabellón (Hemodinamia)
C46: Pabellón (Prestado a Hemodinamia)
C47: Pabellón (Recuperación)
C48: Pabellón (Recuperación) prestado a UPC Adulto
C49: Pabellón CMA
C50: Pabellón CMA (prestado a UPC Adulto)
... C92: Urgencias Gineco-Obstétricas

Sheet Equipos
A1: ID | B1: N° Carpeta | C1: N° Inventario | D1: Equipo | E1: Servicio | F1: Unidad | G1: Ubicación | H1: Procedencia | I1: Marca | J1: Modelo | K1: Serie | L1: Año Instalación | M1: Clasificación
A2: 1 | B2: 1 | C2: 2-115361 | D2: Incubadora | E2: Neonatología | F2: UCI Neonatología | G2: UTI 1/2 | H2: Arriendo | I2: DRAGER | J2: CALEO | K2: ASJL-0008 | L2: 2018 | M2: Fija
